女诚征婚,/nForum/article/PieLove/2410980,2016-08-18
北大央企GG征婚,/nForum/article/PieLove/2420468,2016-10-08
看过世界的美，依然思念温暖的你——大气包容GG诚征结婚MM,/nForum/article/PieLove/2420813,2016-10-10
代91年妹妹征婚,/nForum/article/PieLove/2419962,2016-10-02
"85年名校、国有单位副处级干部GG,诚征温柔贤淑MM",/nForum/article/PieLove/2401689,2016-07-17
91南方妹子有人捡么,/nForum/article/PieLove/2420492,2016-10-08
★★★89年征GG！如果最后是你，晚一点也没关系。★★★,/nForum/article/PieLove/2419810,2016-10-01
【代】靠谱姑娘【征gg】—90年国企总部,/nForum/article/PieLove/2420028,2016-10-03
2016年有好运气！（大龄MM征GG）,/nForum/article/PieLove/2400586,2016-07-14
代朋友（男生）征喜欢玩游戏看书的女生做知心伴侣,/nForum/article/PieLove/2420756,2016-10-10
84男诚意征友结婚,/nForum/article/PieLove/2419784,2016-10-01
代北京工作的优秀83工程师GG真诚征女友,/nForum/article/PieLove/2388720,2016-06-01
代气质MM征友87,/nForum/article/PieLove/2420450,2016-10-08
大龄未婚女征婚,/nForum/article/PieLove/2420376,2016-10-07
为啥把我的帖子删了？,/nForum/article/PieLove/2420767,2016-10-10
征男人结婚,/nForum/article/PieLove/2420803,2016-10-10
代一位美丽知性贤惠的姐姐征位大龄优质男,/nForum/article/PieLove/2420079,2016-10-04
国庆沾点喜气，征个男友明年结婚，非诚勿扰～,/nForum/article/PieLove/2419729,2016-09-30
诚征女友,/nForum/article/PieLove/2410545,2016-08-16
代大学室友MM征阳光踏实GG，你若在场，秋天该很好,/nForum/article/PieLove/2420353,2016-10-07
mm诚征另一半,/nForum/article/PieLove/2420490,2016-10-08
代幽默帅气的北京GG诚征女友,/nForum/article/PieLove/2420411,2016-10-07
诚征男友,/nForum/article/PieLove/2420693,2016-10-09
【91年MM】诚征男友，遇见你，在这里（代）,/nForum/article/PieLove/2420778,2016-10-10
88年北方女孩征gg,/nForum/article/PieLove/2420089,2016-10-04
找另一只山怪,/nForum/article/PieLove/2418859,2016-09-26
大龄靠谱妹子继续为自己征男友,/nForum/article/PieLove/2417858,2016-09-20
大龄GG 征婚（期待国庆）,/nForum/article/PieLove/2373678,2016-04-05
Re: 代80年离异女真诚征婚,/nForum/article/PieLove/2420769,2016-10-10
89MM征一位在帝都的有缘人,/nForum/article/PieLove/2420644,2016-10-09
替美女征婚,/nForum/article/PieLove/2420719,2016-10-09
【代征】代美女同事征男友,/nForum/article/PieLove/2413291,2016-08-30
有没有普通一点的大龄男青年？,/nForum/article/PieLove/2417012,2016-09-16
【代征】胡同里的北京阿姨真诚征婚。。。,/nForum/article/PieLove/2402244,2016-07-19
帮在加拿大的朋友征未来的先生～～～,/nForum/article/PieLove/2420055,2016-10-04
代漂亮MM征一名靠谱的男友，非诚勿扰,/nForum/article/PieLove/2420246,2016-10-06
[北京|高校工作|165]25岁女孩诚征男友,/nForum/article/PieLove/2362932,2016-02-21
代发~81MM征男友,/nForum/article/PieLove/2420728,2016-10-09
代踏实靠谱GG真诚征MM结婚,/nForum/article/PieLove/2420744,2016-10-10
88年京户有房gg征女朋友,/nForum/article/PieLove/2420724,2016-10-09
Re: 代征MM，广州,/nForum/article/PieLove/2420735,2016-10-10
代小妹征婚，好姑娘看这里,/nForum/article/PieLove/2420723,2016-10-09
83 外企 MM 低调征友,/nForum/article/PieLove/2384801,2016-05-17
在京86重庆MM征友,/nForum/article/PieLove/2381712,2016-05-03
攒够了积分 真诚征个女朋友,/nForum/article/PieLove/2420052,2016-10-04
诚意征GG-88年171cm京户中财硕士证券公司工作,/nForum/article/PieLove/2420715,2016-10-09
★★★海外名校计算机博+海淀土著GG（征MM）★★★,/nForum/article/PieLove/2418606,2016-09-25
寻一靠谱GG,/nForum/article/PieLove/2396763,2016-07-03
88年京户金融mm征靠谱gg,/nForum/article/PieLove/2394909,2016-06-24
为弟弟征个合适的女友（坐标天津）,/nForum/article/PieLove/2420297,2016-10-06
82年离异男诚征,/nForum/article/PieLove/2370914,2016-03-25
代银行工作的姐征婚,/nForum/article/PieLove/2384926,2016-05-17
诚征女友,/nForum/article/PieLove/2420669,2016-10-09
寻找一生挚爱 北京妹子征gg,/nForum/article/PieLove/2420124,2016-10-05
Re: 寻人结婚，坐标深圳男士！,/nForum/article/PieLove/2418049,2016-10-09
离异MM征婚,/nForum/article/PieLove/2420671,2016-10-09
83优质妹子征男友了,/nForum/article/PieLove/2420651,2016-10-09
Re: 代征：82/168CM/有房有车/传统女 征年龄比我小的男孩结婚,/nForum/article/PieLove/2420625,2016-10-09
有你才有家，80未婚女择一男闪婚,/nForum/article/PieLove/2420655,2016-10-09
在京山东GG征MM(坐标通州),/nForum/article/PieLove/2391990,2016-06-15
大龄女诚征大龄男,/nForum/article/PieLove/2420316,2016-10-06
85女（T大硕士国企金融京户164cm）真诚征婚,/nForum/article/PieLove/2420375,2016-10-07
"北京女,161/55,8112生人,有房,医疗行业,寻踏实可靠的人生伴侣",/nForum/article/PieLove/2420428,2016-10-07
北京本地mm征男友,/nForum/article/PieLove/2419667,2016-09-30
国庆节真诚征个BF,/nForum/article/PieLove/2419948,2016-10-02
85GG征mm（重点高校硕士+证券研究+178cm）,/nForum/article/PieLove/2419263,2016-09-28
名企靠谱80GG征婚——遇到你就是最好的时候,/nForum/article/PieLove/2420250,2016-10-06
【代征与说明】京户踏实名企博士GG真诚找靠谱MM不折腾,/nForum/article/PieLove/2420265,2016-10-06
代86MM征友,/nForum/article/PieLove/2419060,2016-09-27
feldspar被取消在PieLove版的发文权限,/nForum/article/PieLove/2420587,2016-10-09
借水木宝地推荐个不错的M M,/nForum/article/PieLove/2420347,2016-10-07
京籍海归mm真诚征友,/nForum/article/PieLove/2420564,2016-10-09
Re: 大学女老师 征婚,/nForum/article/PieLove/2380135,2016-10-09
2016年给自己定个小目标(for GG),/nForum/article/PieLove/2416289,2016-09-12
Re: 互联网公司GG真诚征人生伴侣,/nForum/article/PieLove/2420524,2016-10-09
MM找GG,/nForum/article/PieLove/2393019,2016-06-19
征征征男票，南方的妹子哟,/nForum/article/PieLove/2420083,2016-10-04
Re: 医生GG征婚,/nForum/article/PieLove/2418048,2016-10-08
86山东GG征MM,/nForum/article/PieLove/2416817,2016-09-15
征在京重庆四川男,/nForum/article/PieLove/2419956,2016-10-02
代大学同学征男朋友（勿站内回信）,/nForum/article/PieLove/2420462,2016-10-08
替亲戚征友（北京GG for MM）【国企+有房】（如已征到会删帖）,/nForum/article/PieLove/2410362,2016-08-14
[原创]90年哥哥征才学妹妹结婚,/nForum/article/PieLove/2419923,2016-10-02
清华高个大龄gg真诚征mm走向婚姻,/nForum/article/PieLove/2419435,2016-09-30
【诚征女朋友】 坐标北京海淀,/nForum/article/PieLove/2420467,2016-10-08
【※心如花开※】知性阳光、大方居家姑娘征婚,/nForum/article/PieLove/2409988,2016-08-12
【坐标北京】代87天秤同事mm征友~间隔年之前，遇见你,/nForum/article/PieLove/2417823,2016-09-20
国庆节后，认真征女友！坐标帝都,/nForum/article/PieLove/2420446,2016-10-08
Giles被取消在PieLove版的发文权限,/nForum/article/PieLove/2420439,2016-10-08
公务员GG真诚征mm结婚,/nForum/article/PieLove/2417878,2016-09-20
jjsidd被取消在PieLove版的发文权限,/nForum/article/PieLove/2420427,2016-10-07
Re: 靠谱IT男征MM相伴一生,/nForum/article/PieLove/2420424,2016-10-07
低调征友,/nForum/article/PieLove/2412137,2016-08-23
征传统稳重顾家的女孩子,/nForum/article/PieLove/2420415,2016-10-07
~真诚靠谱MM征婚~,/nForum/article/PieLove/2420402,2016-10-07
[原创]代堂妹---名校央企优秀姑娘诚意寻缘，非靠谱勿扰!,/nForum/article/PieLove/2419999,2016-10-03
"真诚教师MM征有缘GG,希望在金秋十月遇到有缘的你",/nForum/article/PieLove/2420357,2016-10-07
大龄mm真诚征友,/nForum/article/PieLove/2411382,2016-08-21
84京户MM找老公（相约年底或明年初结婚可好？）,/nForum/article/PieLove/2394537,2016-06-23
靠谱MM诚意征结婚对象,/nForum/article/PieLove/2418882,2016-09-26
roadtree被取消在PieLove版的发文权限,/nForum/article/PieLove/2420386,2016-10-07
靠谱实在央企工作的山东GG征友,/nForum/article/PieLove/2420369,2016-10-07
京户有房央企高个GG真诚征人生伴侣,/nForum/article/PieLove/2418254,2016-09-22
帮85哥们征友：硕士、180、基金公司,/nForum/article/PieLove/2419224,2016-09-28
83年靠谱姑娘征男友（MM for GG）,/nForum/article/PieLove/2420344,2016-10-07
征一位大龄成熟男士,/nForum/article/PieLove/2420341,2016-10-07
代亲戚家姐姐征个男票,/nForum/article/PieLove/2420340,2016-10-07
大龄离异女,/nForum/article/PieLove/2384430,2016-05-16
趁你还年轻，趁我也未老，趁花儿开的正好（GG for MM）,/nForum/article/PieLove/2408499,2016-08-05
90女征个男票,/nForum/article/PieLove/2400108,2016-07-13
【代top2软萌&贤淑90后优质妹子征GG】,/nForum/article/PieLove/2408077,2016-08-04
"如果最后是你,晚一点真的没关系 - for MM",/nForum/article/PieLove/2396770,2016-07-03
85 男，科研事业单位GG征MM,/nForum/article/PieLove/2419798,2016-10-01
"普通MM诚意征婚,非诚勿扰！！",/nForum/article/PieLove/2409736,2016-08-10
82年的京户gg诚征mm,/nForum/article/PieLove/2414347,2016-09-04
代建筑师征女友，喜欢建筑学的女生请考虑。,/nForum/article/PieLove/2415636,2016-09-10
Re:长假玩尽兴了么？这有个男友请注意查收,/nForum/article/PieLove/2420281,2016-10-06
87年知性贤惠女编辑征友啦,/nForum/article/PieLove/2418132,2016-09-22
90MM诚征GG，坐标上海,/nForum/article/PieLove/2415437,2016-09-09
Re: 品貌尚佳MM for GG  执子之手 与子偕老,/nForum/article/PieLove/2419073,2016-10-06
大学老师诚征男友！！,/nForum/article/PieLove/2419790,2016-10-01
【代老乡征友】84年mm真诚寻今年能结婚的缘分（for GG）,/nForum/article/PieLove/2389311,2016-06-03
认真征一个姑娘结婚——男征女,/nForum/article/PieLove/2420255,2016-10-06
Re: 【致歉声明】关于此前的几个代征贴,/nForum/article/PieLove/2420234,2016-10-06
【不留心，看不见。】,/nForum/article/PieLove/2419387,2016-09-29
为人品好有责任心优秀哥哥征女友，执子之手，与子偕老,/nForum/article/PieLove/2419122,2016-09-27
Re: 诚征性格好的靠谱大龄GG,/nForum/article/PieLove/2420197,2016-10-06
81MM征合适的GG,/nForum/article/PieLove/2413715,2016-09-01
北京GG寻找合适MM,/nForum/article/PieLove/2420194,2016-10-05
代85年MM征男友一起携手共赴未知前景,/nForum/article/PieLove/2420171,2016-10-05
找有缘女孩,/nForum/article/PieLove/2420175,2016-10-05
山东mm征友,/nForum/article/PieLove/2419891,2016-10-02
【GG征MM】 代优秀清华 GG 征好 MM,/nForum/article/PieLove/2420147,2016-10-05
T大妹子真诚寻觅Mr.Right,/nForum/article/PieLove/2419942,2016-10-02
88年事业单位硕士MM诚征志同道合的BF,/nForum/article/PieLove/2420106,2016-10-04
86年央企研究所博士GG真诚找另一半，非诚勿扰...,/nForum/article/PieLove/2407560,2016-08-03
期望在这里能遇到你（for gg),/nForum/article/PieLove/2419920,2016-10-02
真诚寻找另一半（MM for GG）,/nForum/article/PieLove/2412313,2016-08-23
Re: 靠谱IT男征MM相伴一生,/nForum/article/PieLove/2420097,2016-10-04
80年男生诚意征mm,/nForum/article/PieLove/2383193,2016-05-11
Re:85女征男结婚,/nForum/article/PieLove/2419989,2016-10-04
88年男生征靠谱女友,/nForum/article/PieLove/2353045,2016-01-05
86年男征友,/nForum/article/PieLove/2385797,2016-05-21
征女友,/nForum/article/PieLove/2420069,2016-10-04
Re: 真诚交友结婚,/nForum/article/PieLove/2420060,2016-10-04
征结婚对象(征女),/nForum/article/PieLove/2391004,2016-06-10
【国庆7天在网~】找一个状态相近的bf，结婚,/nForum/article/PieLove/2382224,2016-05-06
Re: 代90年漂亮贤惠mm诚意征GG,/nForum/article/PieLove/2419630,2016-10-03
善良美丽知性大学女教师找个他，南京，南京~~,/nForum/article/PieLove/2414324,2016-09-04
代征MM——GG坐标深圳——靠谱暖男与你一起经营幸福,/nForum/article/PieLove/2420023,2016-10-03
daixianyue被取消在PieLove版的发文权限,/nForum/article/PieLove/2420012,2016-10-03
Re: 真诚寻找另一半结婚,/nForum/article/PieLove/2419982,2016-10-03
替一高校副教授GG征女友,/nForum/article/PieLove/2417912,2016-09-20
金融帅哥，诚意征友，非诚勿扰~,/nForum/article/PieLove/2418553,2016-09-25
82GG征友,/nForum/article/PieLove/2419993,2016-10-03
有房有车有户口哥哥真诚征妹妹结婚,/nForum/article/PieLove/2373531,2016-04-04
85传统MM征结婚对象,/nForum/article/PieLove/2361612,2016-02-17
代一个勤奋上进有情怀的哥们征友,/nForum/article/PieLove/2419972,2016-10-02
85gg征友,/nForum/article/PieLove/2404648,2016-07-27
87年gg征女友,/nForum/article/PieLove/2396846,2016-07-04
代同事征个善解人意的妹子,/nForum/article/PieLove/2419935,2016-10-02
大龄女征婚,/nForum/article/PieLove/2411568,2016-08-22
——大龄离异女征男——,/nForum/article/PieLove/2419912,2016-10-02
大龄男士征婚（工作稳定、京户有房车）,/nForum/article/PieLove/2419905,2016-10-02
【86MM征友】每一次相遇都是久别重逢，希望能遇见你,/nForum/article/PieLove/2396100,2016-06-29
87GG想找个微胖MM,/nForum/article/PieLove/2395245,2016-06-26
大龄平凡女征婚普通大龄男,/nForum/article/PieLove/2419885,2016-10-01
帮同事北京81gg征结婚对象,/nForum/article/PieLove/2389939,2016-06-05
Re: 博士公务员大叔寻找聪明的你,/nForum/article/PieLove/2419429,2016-10-01
★★★★★诚征女友★★★★★,/nForum/article/PieLove/2417931,2016-09-20
baihualin被取消在PieLove版的发文权限,/nForum/article/PieLove/2419855,2016-10-01
78年未婚女，真诚征婚。,/nForum/article/PieLove/2419759,2016-10-01
89mm征个靠谱的普通人,/nForum/article/PieLove/2417116,2016-09-16
版面积分变更记录,/nForum/article/PieLove/2419764,2016-10-01
代82年女同学征婚,/nForum/article/PieLove/2419762,2016-10-01
找个信基督的女士相依为伴,/nForum/article/PieLove/2419761,2016-10-01
版面积分变更记录,/nForum/article/PieLove/2419753,2016-10-01
版面积分变更记录,/nForum/article/PieLove/2419752,2016-10-01
*优秀GG诚征女友*,/nForum/article/PieLove/2410648,2016-08-16
有点追求的经济适用男：寻同路人（39岁教授诚征媳妇）,/nForum/article/PieLove/2404349,2016-07-26
代医生MM征友,/nForum/article/PieLove/2419265,2016-09-28
征寻通情达理的善美女生,/nForum/article/PieLove/2376685,2016-04-15
icony被取消在PieLove版的发文权限,/nForum/article/PieLove/2419719,2016-09-30
nndd被取消在PieLove版的发文权限,/nForum/article/PieLove/2419718,2016-09-30
baha4job被取消在PieLove版的发文权限,/nForum/article/PieLove/2419717,2016-09-30
xuying被取消在PieLove版的发文权限,/nForum/article/PieLove/2419716,2016-09-30
Re: 【代征】京户有房名企靠谱博士GG征靠谱MM不折腾,/nForum/article/PieLove/2418631,2016-09-30
Re: 主题:Re: 征男友结婚,/nForum/article/PieLove/2375594,2016-04-13
82北大女诚征志同道合的gg,/nForum/article/PieLove/2418781,2016-09-26
90后博士gg征mm,/nForum/article/PieLove/2419314,2016-09-29
1985年，30岁，诚征北京女友,/nForum/article/PieLove/2406655,2016-08-01
123,/nForum/article/PieLove/2372631,2016-04-01
像“伪装者”王天风&“步步惊心”十爷的工科硕士男征女生结婚,/nForum/article/PieLove/2414502,2016-09-04
[原创]你是否和我一样，还对家满是憧憬和向往（觅一暖男）,/nForum/article/PieLove/2405345,2016-07-31
最好的自己遇见对的你【征男友结婚】,/nForum/article/PieLove/2412821,2016-08-27
Re: 征女友至媳妇,/nForum/article/PieLove/2419391,2016-09-29
81年T大毕业GG征MM,/nForum/article/PieLove/2415871,2016-09-10
Re: 【不留心，看不见。】,/nForum/article/PieLove/2419383,2016-09-29
87GG真诚交友ForMM,/nForum/article/PieLove/2419120,2016-09-27
31岁清华gg国庆前征mm（北京）,/nForum/article/PieLove/2418996,2016-09-27
高校女教师征婚（坐标:江苏）,/nForum/article/PieLove/2410872,2016-08-18
如果不将就也是错，那我想一错再错，直到遇到你。85MM FOR GG,/nForum/article/PieLove/2416971,2016-09-15
[代]代朋友85MM征GG,/nForum/article/PieLove/2418044,2016-09-21
Re: 靠谱实在央企工作的山东GG征友,/nForum/article/PieLove/2419134,2016-09-27
****花一样的季节，寻找我的王子，快到碗里来，一起走下去****,/nForum/article/PieLove/2379452,2016-04-25
82年靠谱GG征女友,/nForum/article/PieLove/2414955,2016-09-07
海归高个81年大龄科研男真诚征婚,/nForum/article/PieLove/2418491,2016-09-24
代86优秀mm征友（附照）,/nForum/article/PieLove/2418307,2016-09-23
87年京户靠谱MM征友,/nForum/article/PieLove/2417784,2016-09-20
Re: 代初中同班MM征友--坐标北京,/nForum/article/PieLove/2416692,2016-09-27
sweetyhard被取消在PieLove版的发文权限,/nForum/article/PieLove/2419001,2016-09-27
纯朴温柔大龄MM诚征另一半（附照）,/nForum/article/PieLove/2418626,2016-09-25
代朋友征友：86年山东靠谱妹子征GG,/nForum/article/PieLove/2417677,2016-09-19
诚意征结婚对象◆◆◆传统gg寻觅想尽快成家的靠谱MM◆◆◆,/nForum/article/PieLove/2418815,2016-09-26
代大学同学征友,/nForum/article/PieLove/2401825,2016-07-17
北京男生真诚征友,/nForum/article/PieLove/2413386,2016-08-30
Re: 【代征】83年妹妹于茫茫人海寻有缘人【附照】（文艺版）,/nForum/article/PieLove/2418630,2016-09-26
诚意征结婚对象◆◆◆传统mm寻觅想尽快成家的靠谱GG◆◆◆,/nForum/article/PieLove/2413719,2016-09-01
82国企GG诚邀妹子一枚共圆阖家幸福梦,/nForum/article/PieLove/2412429,2016-08-25
替同学试着征一下。看看人老珠黄的离异女能收获爱情和婚姻吗？,/nForum/article/PieLove/2418399,2016-09-23
Re: 代优秀GG征个靠谱女朋友,/nForum/article/PieLove/2418523,2016-09-26
Re: 在这里征友的网友小心被别有用心的人人肉,/nForum/article/PieLove/2418353,2016-09-26
28真诚上进男，真诚征友携手共度一生,/nForum/article/PieLove/2418580,2016-09-25
Re: 征个女友，遇见缘分,/nForum/article/PieLove/2418486,2016-09-26
Re: 男诚意征女友，非诚勿扰（代）~,/nForum/article/PieLove/2418784,2016-09-26
Re: 靠谱IT男征MM相伴一生,/nForum/article/PieLove/2418765,2016-09-26
"hi,白羊mm来征婚了（代征哦）",/nForum/article/PieLove/2416272,2016-09-12
事业有成GG诚征结婚MM,/nForum/article/PieLove/2414942,2016-09-07
Re: 【代征】************************************,/nForum/article/PieLove/2391616,2016-09-26
Re: ******,/nForum/article/PieLove/2411563,2016-09-26
Re: 【代征】大家好*****************************************,/nForum/article/PieLove/2362264,2016-09-26
Re: 靠谱MM征友,/nForum/article/PieLove/2418558,2016-09-25
Re: 一时冲动之下，发帖征友；冷静理智之后，随时删除,/nForum/article/PieLove/2418582,2016-09-25
bluegirl01被取消在PieLove版的发文权限,/nForum/article/PieLove/2418605,2016-09-25
Re: 88年姑娘诚心寻找另一半~~,/nForum/article/PieLove/2418507,2016-09-25
87年北京南城国企男征MM，听说标题一定要长,/nForum/article/PieLove/2372377,2016-03-30
寻找生命中的你-京户有房部委直属单位GG征友,/nForum/article/PieLove/2418488,2016-09-24
标题：84离异金融男征婚(代大学室友发帖),/nForum/article/PieLove/2413350,2016-08-30
事业优秀GG征友,/nForum/article/PieLove/2418480,2016-09-24
不忘初心，不念过往，不畏将来，35、177，top2，男征婚,/nForum/article/PieLove/2416900,2016-09-15
Re: 靠谱IT男征MM相伴一生,/nForum/article/PieLove/2418458,2016-09-24
mengjialou被取消在PieLove版的发文权限,/nForum/article/PieLove/2418455,2016-09-24
Re: 诚征MM共同走向幸福生活,/nForum/article/PieLove/2418361,2016-09-24
86年MM征GG，我来了你在哪,/nForum/article/PieLove/2374015,2016-04-06
Re: 代88mm征友（附照）,/nForum/article/PieLove/2418384,2016-09-23
Re: 混迹于大龄版的好蛋征友来喽！,/nForum/article/PieLove/2306007,2016-09-23
代83年东北妹纸（人在湖南）征湖南、广州的GG,/nForum/article/PieLove/2418023,2016-09-21
O(∩_∩)O  代88年京户MM征有缘GG,/nForum/article/PieLove/2414817,2016-09-06
诚意真诚征女友,/nForum/article/PieLove/2418144,2016-09-22
深圳87mm征gg,/nForum/article/PieLove/2418091,2016-09-21
大皮蛋 征 粥先生,/nForum/article/PieLove/2361198,2016-02-16
普通哥哥征一个时尚高个妹妹：）,/nForum/article/PieLove/2418195,2016-09-22
Re: 代90哥们诚征女友,/nForum/article/PieLove/2418227,2016-09-23
嘿嘿,/nForum/article/PieLove/2418257,2016-09-23
yourlg被取消在PieLove版的发文权限,/nForum/article/PieLove/2418225,2016-09-22
金融街大叔征（for mm）,/nForum/article/PieLove/2413558,2016-08-31
81年GG真诚征婚,/nForum/article/PieLove/2418072,2016-09-21
大龄gg真诚征婚，坐标(深圳),/nForum/article/PieLove/2380841,2016-05-01
change2008被取消在PieLove版的发文权限,/nForum/article/PieLove/2418121,2016-09-22
84经济适用男征婚,/nForum/article/PieLove/2416916,2016-09-15
89年协和温柔女博士真诚征婚,/nForum/article/PieLove/2416909,2016-09-15
Re: 看这里看这里^_^，推荐一个优秀的mm,/nForum/article/PieLove/2417803,2016-09-21
删除,/nForum/article/PieLove/2412828,2016-08-27
83大学女教师for male（北京，广州皆可）,/nForum/article/PieLove/2391596,2016-06-12
85年摩羯座好姑娘征在上海工作的gg,/nForum/article/PieLove/2390696,2016-06-09
代同事姑娘征汉子。1981年的普通北京妹。,/nForum/article/PieLove/2417879,2016-09-20
<代师弟征友> 86优秀GG征友,/nForum/article/PieLove/2417995,2016-09-21
诚征gg,/nForum/article/PieLove/2417922,2016-09-20
Re: 那天看到个卖购房资格的帖子,/nForum/article/PieLove/2417979,2016-09-21
Re: 代外企MM征婚,/nForum/article/PieLove/2417898,2016-09-21
帮86年亲哥征个女朋友，坐标石家庄，好姑娘来看看啊~,/nForum/article/PieLove/2416500,2016-09-13
qtbh被取消在PieLove版的发文权限,/nForum/article/PieLove/2417949,2016-09-21
Re: 大龄MM找有缘人,/nForum/article/PieLove/2415050,2016-09-20
Re: <代征> 86优秀GG征婚,/nForum/article/PieLove/2417425,2016-09-20
代thu师弟征90后人生路上的伴侣,/nForum/article/PieLove/2417734,2016-09-19
ykcxp被取消在PieLove版的发文权限,/nForum/article/PieLove/2417869,2016-09-20
代同事好友~~北京运动型mm征男友~~~~~~~,/nForum/article/PieLove/2413365,2016-08-30
爱健身爱户外的MM诚征男友,/nForum/article/PieLove/2412246,2016-08-23
xx,/nForum/article/PieLove/2417580,2016-09-19
本人自己征女友，82年,/nForum/article/PieLove/2417542,2016-09-19
81券商GG诚征优秀MM,/nForum/article/PieLove/2414277,2016-09-03
代同学征男友,/nForum/article/PieLove/2415043,2016-09-07
86年高个金融GG征婚,/nForum/article/PieLove/2417506,2016-09-18
★★★ 84年银行工作GG诚征女友 ★★★,/nForum/article/PieLove/2414422,2016-09-04
Re: 90mm征gg结婚,/nForum/article/PieLove/2417439,2016-09-20
替靠谱上海MM征友,/nForum/article/PieLove/2416177,2016-09-12
[原创]征一个以爱情为基础的适婚女朋友,/nForum/article/PieLove/2417738,2016-09-19
GG征婚,/nForum/article/PieLove/2417713,2016-09-19
大龄博士GG寻找生活的另一半,/nForum/article/PieLove/2417674,2016-09-19
Re: 品貌尚佳MM for GG 执子之手 与子偕老,/nForum/article/PieLove/2417669,2016-09-20
Re: 【征婚】，踏实幽默的大叔蒸想结婚的好女孩，好好过日子。,/nForum/article/PieLove/2417605,2016-09-19
奔向大龄的88北京女孩-找个对象吧~,/nForum/article/PieLove/2414890,2016-09-06
中年女寻靠谱男,/nForum/article/PieLove/2387844,2016-05-29
82年离异男征友,/nForum/article/PieLove/2417638,2016-09-19
88年男生寻结婚对象,/nForum/article/PieLove/2398563,2016-07-08
[合集] 介绍一位86年美女朋友，关键词，美貌，高知，车房兼具,/nForum/article/PieLove/2417608,2016-09-19
在厦门的MM，我承认我来过一次,/nForum/article/PieLove/2416763,2016-09-14
Re: 替世界名校mm征婚,/nForum/article/PieLove/2417378,2016-09-19
啥都不说了，就是征个女朋友！,/nForum/article/PieLove/2387573,2016-05-28
[原创]【代征】83靠谱IT男诚征MM,/nForum/article/PieLove/2385081,2016-05-17
代硕士同学征女友（p大毕业、有房有车、京户）,/nForum/article/PieLove/2417476,2016-09-18
Re: 代北京mm征友,/nForum/article/PieLove/2417050,2016-09-18
Re: [征女友]替北京GG征友，靠谱，有诚意，妈妈说标题要长！！,/nForum/article/PieLove/2417037,2016-09-18
Re: 代征 缘在金秋 靠谱mm来了,/nForum/article/PieLove/2416748,2016-09-18
88年海归设计师MM征GG （坐标杭州/上海）,/nForum/article/PieLove/2414847,2016-09-06
Re: 87年京户靠谱MM征友,/nForum/article/PieLove/2416998,2016-09-18
82 IT GG征MM结婚,/nForum/article/PieLove/2355346,2016-01-15
中秋将至征GG举杯邀明月-贤惠金融女征婚,/nForum/article/PieLove/2378718,2016-04-23
老博士诚征伴侣,/nForum/article/PieLove/2416995,2016-09-15
代公司同事征MM,/nForum/article/PieLove/2417379,2016-09-17
81男征一个踏实过日子的mm，要85（牛），88（龙），89（蛇）,/nForum/article/PieLove/2413335,2016-08-30
Re: 代友发帖： 征个GG一起买房,/nForum/article/PieLove/2417290,2016-09-17
84年在京GG征踏实mm，可半年内结婚,/nForum/article/PieLove/2417323,2016-09-17
84年mm诚征另一半,/nForum/article/PieLove/2415167,2016-09-08
82mm真诚征友,/nForum/article/PieLove/2395001,2016-06-25
Re: 81年工程师MM征友，期待遇到合适的人,/nForum/article/PieLove/2402567,2016-09-17
88年男征个女友  有真相,/nForum/article/PieLove/2417284,2016-09-17
Re: 大龄未婚女征婚,/nForum/article/PieLove/2417066,2016-09-17
Luce被取消在PieLove版的发文权限,/nForum/article/PieLove/2417097,2016-09-16
Re: 89年女生征男盆友,/nForum/article/PieLove/2229933,2016-09-16
"tell me where do I find, someone like you girl",/nForum/article/PieLove/2394253,2016-06-22
每逢佳节倍思卿，82mm征个靠谱gg,/nForum/article/PieLove/2416923,2016-09-15
征女友,/nForum/article/PieLove/2416982,2016-09-15
Re: [原创]帮MM征男友,/nForum/article/PieLove/2416382,2016-09-15
代83年靠谱儿大叔征MM过节,/nForum/article/PieLove/2416948,2016-09-15
Re: 好身材的博士美女同学诚征自信男士：转角遇见你，遇见爱,/nForum/article/PieLove/1782718,2016-09-15
Re: 中秋吐槽征友.,/nForum/article/PieLove/2416755,2016-09-15
Re: Re:83年mm征友,/nForum/article/PieLove/2412364,2016-09-15
替闺蜜征友，坐标南京。,/nForum/article/PieLove/2416733,2016-09-14
86年汉子征女友(坐标北京),/nForum/article/PieLove/2381183,2016-05-02
Re: 80年靠谱gg诚征mm,/nForum/article/PieLove/2414381,2016-09-15
85mm征gg坐标北京,/nForum/article/PieLove/2416234,2016-09-12
替同事征个好女孩,/nForum/article/PieLove/2416728,2016-09-14
部委公务员GG，征个能娶的MM回家（附图）,/nForum/article/PieLove/2414736,2016-09-06
征婚：MM for GG（更新）,/nForum/article/PieLove/2377436,2016-04-18
征为梦想一起努力的LG，征，征，征,/nForum/article/PieLove/2412537,2016-08-25
Re: 帅哥来这里找个有缘人，欢迎关注。,/nForum/article/PieLove/2416325,2016-09-13
。,/nForum/article/PieLove/2407168,2016-08-02
Re: 81年靠谱MM诚征GG,/nForum/article/PieLove/2415912,2016-09-13
"【【-----80女,离异无孩,征婚-----】】",/nForum/article/PieLove/2364049,2016-02-26
Re: 【征GG】----在四季里等待,/nForum/article/PieLove/2416587,2016-09-13
在京86年MM征婚,/nForum/article/PieLove/2415439,2016-09-10
86女教师期待遇见你（女征男）,/nForum/article/PieLove/2410793,2016-08-17
90后，奔3的南方姑娘。不喜轻拍。,/nForum/article/PieLove/2407546,2016-08-03
靠谱红娘又来帮同事MM征友啦！,/nForum/article/PieLove/2408498,2016-08-05
代：高个儿美女征婚,/nForum/article/PieLove/2404388,2016-07-27
【名校\央企\京户\有房】优质靠谱GG期待在最美好的季节遇见你mm,/nForum/article/PieLove/2385437,2016-05-19
帮同事（女）诚征男友,/nForum/article/PieLove/2405204,2016-07-30
南风知我意，吹梦到西洲——代90年北大萌妹子征友,/nForum/article/PieLove/2399019,2016-07-10
88年京户有房GG诚征MM结婚,/nForum/article/PieLove/2398889,2016-07-09
Re: 代朋友征友：86年山东靠谱妹子征GG,/nForum/article/PieLove/2393070,2016-09-13
Re: 90MM寻缘,/nForum/article/PieLove/2416243,2016-09-13
前方高能！人美！心好！速来！,/nForum/article/PieLove/2406072,2016-07-31
1984北京男生，寻江浙沪闽粤的可爱软妹小女生结婚,/nForum/article/PieLove/2413374,2016-08-30
写鹊桥帖子是个学问，也是追问自己内心的过程（转载）,/nForum/article/PieLove/2416187,2016-09-12
代89年MM征友,/nForum/article/PieLove/2416238,2016-09-12
Re: ******难得缘分——值得依靠成熟男士征结婚对象！！！,/nForum/article/PieLove/2415316,2016-09-12
83MM诚意征婚~非诚勿扰,/nForum/article/PieLove/2376932,2016-04-16
【代征】代81MM诚征男友-有PP,/nForum/article/PieLove/2410476,2016-08-15
【85年靠谱深圳GG征MM】,/nForum/article/PieLove/2416171,2016-09-12
Re: 【代征】83MM于茫茫人海寻有缘人,/nForum/article/PieLove/2414856,2016-09-12
Re: 代同学征MM,/nForum/article/PieLove/2394251,2016-09-12
Re: 代一位传统女孩征男友,/nForum/article/PieLove/2402064,2016-09-11
替91年央企MM诚征男友,/nForum/article/PieLove/2414974,2016-09-07
代一高校副教授征女友结婚,/nForum/article/PieLove/2416077,2016-09-11
Re: 大龄离异女又来了。,/nForum/article/PieLove/2415922,2016-09-11
Re: 真诚希望遇到另一个真诚的人（Looking for BF),/nForum/article/PieLove/2414446,2016-09-11
让我们一起慢慢变老（大龄女诚征男友）,/nForum/article/PieLove/2415923,2016-09-11
86年优秀央企MM真诚征婚,/nForum/article/PieLove/2368391,2016-03-12
OsirisX被取消在PieLove版的发文权限,/nForum/article/PieLove/2415888,2016-09-11
wuwo被取消在PieLove版的发文权限,/nForum/article/PieLove/2415887,2016-09-11
Re: 代大龄女征婚(我想有一个家),/nForum/article/PieLove/2415639,2016-09-10
88京户GG征MM,/nForum/article/PieLove/2415763,2016-09-10
坐标上海：83年gg征mm,/nForum/article/PieLove/2399020,2016-07-10
Re: 86MM征婚,/nForum/article/PieLove/2415238,2016-09-10
hugh97被取消在PieLove版的发文权限,/nForum/article/PieLove/2415663,2016-09-10
suhebupt被取消在PieLove版的发文权限,/nForum/article/PieLove/2415661,2016-09-10
海上升明月,/nForum/article/PieLove/2386794,2016-05-26
[原创]希望遇见你，携手走下去！征GG（认真脸）,/nForum/article/PieLove/2401975,2016-07-17
[代人征友]靠谱女青年诚征男友,/nForum/article/PieLove/2412649,2016-08-26
Re: 经济适用男征婚,/nForum/article/PieLove/2415093,2016-09-08
代同事佂男友（绝对靠谱））,/nForum/article/PieLove/2415159,2016-09-08
不试试怎么知道，万一找到了呢（南方85mm for gg）[代征](附PP),/nForum/article/PieLove/2400119,2016-07-13
86小伙诚征女友,/nForum/article/PieLove/2415231,2016-09-08
Re: 87年外企设计师姑娘真心征男友,/nForum/article/PieLove/2414868,2016-09-08
Re: 85女征一男友,/nForum/article/PieLove/2401096,2016-09-08
lmgrd被取消在PieLove版的发文权限,/nForum/article/PieLove/2415134,2016-09-08
Re:重点中学教师希望缘分很快降临——真诚的请进哦！（女征男）,/nForum/article/PieLove/2414643,2016-09-07
Re: 【代征】挺不错的GG诚征女友~~~坐标北京~~~,/nForum/article/PieLove/2414365,2016-09-07
征男友［坐标北京］,/nForum/article/PieLove/2411354,2016-08-20
大龄MM找寻心中另一半,/nForum/article/PieLove/2414960,2016-09-07
Re: 国企博士哥哥征女友（附照片）,/nForum/article/PieLove/2414668,2016-09-07
优秀外企MM征GG,/nForum/article/PieLove/2414529,2016-09-05
lotterye被取消在PieLove版的发文权限,/nForum/article/PieLove/2414944,2016-09-07
Re: 89MM征男友-北京,/nForum/article/PieLove/2414602,2016-09-07
代89年山东妹妹征有缘GG（附照),/nForum/article/PieLove/2409556,2016-08-10
delete,/nForum/article/PieLove/2414157,2016-09-03
Re: 代：89年鲁籍京户男生诚征女友,/nForum/article/PieLove/2414361,2016-09-06
ltsky被取消在PieLove版的发文权限,/nForum/article/PieLove/2414882,2016-09-06
sally2016被取消在PieLove版的发文权限,/nForum/article/PieLove/2414855,2016-09-06
gostkiss被取消在PieLove版的发文权限,/nForum/article/PieLove/2414854,2016-09-06
Re: 83年mm征友,/nForum/article/PieLove/2414764,2016-09-06
85大龄女子佂一男士,/nForum/article/PieLove/2412939,2016-08-28
央企男孩寻善良美丽女友,/nForum/article/PieLove/2414823,2016-09-06
91北方高个MM真诚征GG,/nForum/article/PieLove/2414526,2016-09-05
le821125被取消在PieLove版的发文权限,/nForum/article/PieLove/2414738,2016-09-06
Re: 京籍88年男孩征友,/nForum/article/PieLove/2414727,2016-09-06
代男士征婚（京户、有房车、博士）,/nForum/article/PieLove/2410530,2016-08-16
代有房有户85gg征婚,/nForum/article/PieLove/2414632,2016-09-05
87北方GG诚征MM,/nForum/article/PieLove/2414433,2016-09-04
Re: 主题:Re: 帮爱笑的闺蜜征婚,/nForum/article/PieLove/2414335,2016-09-05
82年优秀GG征靠谱MM,/nForum/article/PieLove/2405727,2016-07-31
Re: 秋天到了，80年大龄女征男友,/nForum/article/PieLove/2414266,2016-09-05
82年男征友,/nForum/article/PieLove/2414483,2016-09-04
85年北京未婚mm征婚,/nForum/article/PieLove/2414434,2016-09-04
78水瓶MM征男友结婚,/nForum/article/PieLove/2372067,2016-03-29
代银行工作的同事征婚,/nForum/article/PieLove/2414329,2016-09-04
Re: 35岁、177CM，部委男公务员征婚,/nForum/article/PieLove/2383398,2016-09-04
简单pie（for GG）,/nForum/article/PieLove/2379645,2016-04-26
Re: 高校女老师诚征男友！,/nForum/article/PieLove/2413694,2016-09-04
[代发]文艺小清新91年MM征靠谱男友,/nForum/article/PieLove/2396454,2016-07-01
Re: 代86年thu的优秀GG征婚,/nForum/article/PieLove/2413732,2016-09-04
Re:89普通妹子征个gg结婚,/nForum/article/PieLove/2404798,2016-09-03
84年IT码农征妹子一起回青岛,/nForum/article/PieLove/2413221,2016-08-29
cathyxue1982被取消在PieLove版的发文权限,/nForum/article/PieLove/2414252,2016-09-03
Re: 【真诚征靠谱MM】,/nForum/article/PieLove/2410790,2016-09-03
"一生所爱,性格好",/nForum/article/PieLove/2414159,2016-09-03
Re: [原创]  成都美女征婚（）,/nForum/article/PieLove/2414139,2016-09-03
版面积分变更记录,/nForum/article/PieLove/2414169,2016-09-03
Re: [代征]1983\169\硕\mm:难道我注定孤老终生？,/nForum/article/PieLove/2414090,2016-09-02
【代】87mm征心有灵犀的另一半,/nForum/article/PieLove/2413000,2016-08-29
83年mm真诚征友（附照）,/nForum/article/PieLove/2413495,2016-08-31
Re: 代一个不错的朋友征女友,/nForum/article/PieLove/2413937,2016-09-02
86GG诚征MM,/nForum/article/PieLove/2412186,2016-08-23
wj31n被取消在PieLove版的发文权限,/nForum/article/PieLove/2413934,2016-09-02
wzzhxt被取消在PieLove版的发文权限,/nForum/article/PieLove/2413697,2016-09-01
代84离异无孩mm真诚征婚,/nForum/article/PieLove/2413625,2016-09-01
版面积分变更记录,/nForum/article/PieLove/2413680,2016-09-01
版面积分变更记录,/nForum/article/PieLove/2413679,2016-09-01
已找到 谢谢！,/nForum/article/PieLove/2413100,2016-08-29
Re: 外企83硕士gg真诚争友,/nForum/article/PieLove/2413648,2016-09-01
hugh97被取消在PieLove版的发文权限,/nForum/article/PieLove/2413644,2016-09-01
Purplegrace被取消在PieLove版的发文权限,/nForum/article/PieLove/2413643,2016-09-01
lshaiyang被取消在PieLove版的发文权限,/nForum/article/PieLove/2413642,2016-09-01
请删帖，谢谢！,/nForum/article/PieLove/2364724,2016-02-29
大龄普通MM来找有缘人--寻一普通的GG--过一份简单的生活,/nForum/article/PieLove/2413412,2016-08-30
Re: 【海归美女MBA征友啦！】【代发】,/nForum/article/PieLove/2413393,2016-08-31
代同事征mm,/nForum/article/PieLove/2413574,2016-08-31
sxsboy被取消在PieLove版的发文权限,/nForum/article/PieLove/2413569,2016-08-31
For GG,/nForum/article/PieLove/2413112,2016-08-29
redmout被取消在PieLove版的发文权限,/nForum/article/PieLove/2413499,2016-08-31
Re: 检察官GG征婚,/nForum/article/PieLove/2413428,2016-08-31
81年GG+京户有车房+清华博士+银行工作征温柔善良MM,/nForum/article/PieLove/2386672,2016-05-25
踏实靠谱GG真诚征MM结婚,/nForum/article/PieLove/2413443,2016-08-31
征一个不会让我再次上当的女朋友,/nForum/article/PieLove/2413336,2016-08-30
Re: 代TOP2硕士事业暖男征个心态好的女孩子，一起实现梦想,/nForum/article/PieLove/2413205,2016-08-30
29女寻靠谱男,/nForum/article/PieLove/2413225,2016-08-29
Re: ***87年银行MM征友***,/nForum/article/PieLove/2412801,2016-08-30
大龄男征婚,/nForum/article/PieLove/2412963,2016-08-29
MyOnlyStar被取消在PieLove版的发文权限,/nForum/article/PieLove/2413214,2016-08-29
ttkx被取消在PieLove版的发文权限,/nForum/article/PieLove/2413202,2016-08-29
Re: 代86妹妹征婚,/nForum/article/PieLove/2412936,2016-08-29
Re: 【代征男友】美女好朋友征友,/nForum/article/PieLove/2411781,2016-08-29
87年MM诚征男友！,/nForum/article/PieLove/2362644,2016-02-20
代同事征婚(for mm),/nForum/article/PieLove/2381154,2016-05-02
85年，金融央企/有房哥哥征女友结婚,/nForum/article/PieLove/2354854,2016-01-13
Re:替一个大龄GG征mm结婚,/nForum/article/PieLove/2411464,2016-08-28
Re: [代征]（女征男）一起开始人生旅行吧,/nForum/article/PieLove/2412672,2016-08-27
Re: MM征GG,/nForum/article/PieLove/2412690,2016-08-27
84年外企MM诚征靠谱GG-希望找到那个彼此给予温暖和力量的人,/nForum/article/PieLove/2383777,2016-05-14
Re: 靠谱乐观乖巧女青年诚征另一半,/nForum/article/PieLove/2412660,2016-08-26
sdxmps被取消在PieLove版的发文权限,/nForum/article/PieLove/2412635,2016-08-26
★代温婉善良高挑的公务员mm真诚征友★,/nForum/article/PieLove/2406195,2016-07-31
86GG征MM结婚--北京地区,/nForum/article/PieLove/2412468,2016-08-25
[原创]88年的北京男生寻找缘分,/nForum/article/PieLove/2412356,2016-08-24
CCTV9被取消在PieLove版的发文权限,/nForum/article/PieLove/2412517,2016-08-25
代：学医姐姐真诚征友,/nForum/article/PieLove/2412516,2016-08-25
一起创造幸福有趣人生（叔叔征女）,/nForum/article/PieLove/2385454,2016-05-19
代北大毕业的靠谱美女师姐征执子偕老的老公一枚（照片两张）,/nForum/article/PieLove/2410877,2016-08-18
代踏实靠谱的83年东北MM征GG,/nForum/article/PieLove/2412446,2016-08-25
Re: Re:代MM征个事业编制的GG,/nForum/article/PieLove/2411310,2016-08-25
Re: 代86年MM征友,/nForum/article/PieLove/2412392,2016-08-24
修改koutian在PieLove版的发文权限封禁,/nForum/article/PieLove/2412342,2016-08-24
koutian被取消在PieLove版的发文权限,/nForum/article/PieLove/2412341,2016-08-24
Re: [代挂][pic]海归博士征女友（上海）,/nForum/article/PieLove/2411303,2016-08-24
Re: 众里寻她千百度（北京 GG for MM）,/nForum/article/PieLove/2395304,2016-08-24
坐标上海，84GG征女友,/nForum/article/PieLove/2398640,2016-07-08
86年--长春--通信行业--爱好音乐--GG征MM,/nForum/article/PieLove/2412091,2016-08-22
Re: 真诚寻找另一半（MM for GG）,/nForum/article/PieLove/2408874,2016-08-23
【关键词：女寻男，有照片】给83年的MM，找一个好的归宿～,/nForum/article/PieLove/2410794,2016-08-17
Vanessa1552被取消在PieLove版的发文权限,/nForum/article/PieLove/2412299,2016-08-23
tyut被取消在PieLove版的发文权限,/nForum/article/PieLove/2412295,2016-08-23
wanna66被取消在PieLove版的发文权限,/nForum/article/PieLove/2412294,2016-08-23
scanworld被取消在PieLove版的发文权限,/nForum/article/PieLove/2412293,2016-08-23
qiuabc被取消在PieLove版的发文权限,/nForum/article/PieLove/2412292,2016-08-23
wang010626被取消在PieLove版的发文权限,/nForum/article/PieLove/2412291,2016-08-23
toold被取消在PieLove版的发文权限,/nForum/article/PieLove/2412290,2016-08-23
NTerm被取消在PieLove版的发文权限,/nForum/article/PieLove/2412289,2016-08-23
pkucoolke被取消在PieLove版的发文权限,/nForum/article/PieLove/2412288,2016-08-23
83GG征MM,/nForum/article/PieLove/2412273,2016-08-23
75年善良温和女子诚意找寻另一半,/nForum/article/PieLove/2410354,2016-08-14
代姐姐征GG,/nForum/article/PieLove/2411653,2016-08-22
88年京户金融mm诚征靠谱gg,/nForum/article/PieLove/2389563,2016-06-03
山东女孩征友,/nForum/article/PieLove/2410177,2016-08-12
代同事征GG,/nForum/article/PieLove/2411722,2016-08-22
Re: 代北京女孩征友,/nForum/article/PieLove/2411108,2016-08-22
代83年同事MM征友,/nForum/article/PieLove/2411633,2016-08-22
~,/nForum/article/PieLove/2410916,2016-08-18
替84年师弟征mm,/nForum/article/PieLove/2411172,2016-08-19
83IT女来征个可以相伴到老的你(MM征GG),/nForum/article/PieLove/2411457,2016-08-21
82MM诚征GG,/nForum/article/PieLove/2379692,2016-04-26
Re: 替88年mm征GG,/nForum/article/PieLove/2411245,2016-08-21
诚征女友，坐标北京,/nForum/article/PieLove/2411349,2016-08-20
空,/nForum/article/PieLove/2411233,2016-08-19
81年工科女生征友，愿得有缘人，一起看日起日落云卷云舒,/nForum/article/PieLove/2411353,2016-08-20
征MM,/nForum/article/PieLove/2411369,2016-08-20
Re: 诚征GG,/nForum/article/PieLove/2411360,2016-08-20
翻译mm征婚,/nForum/article/PieLove/2411012,2016-08-18
iu2013被取消在PieLove版的发文权限,/nForum/article/PieLove/2411357,2016-08-20
【报喜贴】,/nForum/article/PieLove/2393925,2016-06-22
Re: 踏实靠谱GG真诚征MM结婚,/nForum/article/PieLove/2393816,2016-08-20
代大龄男士征婚,/nForum/article/PieLove/2404326,2016-07-26
Re: 88医学博士mm for gg,/nForum/article/PieLove/2410495,2016-08-20
★征mm结婚,/nForum/article/PieLove/2391265,2016-06-11
Re: 替人大帅气校友师兄征师妹,/nForum/article/PieLove/2344399,2016-08-19
Re: 大龄GG征婚，代友发,/nForum/article/PieLove/2410515,2016-08-19
87年女老师真诚寻靠谱男生,/nForum/article/PieLove/2388531,2016-05-30
优秀85mm真诚征婚,/nForum/article/PieLove/2411013,2016-08-18
sweetella被取消在PieLove版的发文权限,/nForum/article/PieLove/2411210,2016-08-19
替沈阳一朋友诚意征女友（女方在沈阳或有意去沈阳）。,/nForum/article/PieLove/2372185,2016-03-29
Re: 代美女好朋友征男盆友,/nForum/article/PieLove/2410583,2016-08-19
尝试一下征友（西安）,/nForum/article/PieLove/2410806,2016-08-17
人生最好的时候，找一个爱人，余生与爱相伴,/nForum/article/PieLove/2410819,2016-08-17
35岁身高178优秀互联网研发男诚意征婚（代）,/nForum/article/PieLove/2407489,2016-08-03
1,/nForum/article/PieLove/2410797,2016-08-17
Re: 真诚征GG,/nForum/article/PieLove/2410778,2016-08-18
靠谱男征MM相伴一生,/nForum/article/PieLove/2410833,2016-08-17
代友发文（83年mm诚征结婚对象）,/nForum/article/PieLove/2397326,2016-07-05
Re: 福利来了，靠谱姑娘首次蒸婚。代发勿站内。,/nForum/article/PieLove/2410421,2016-08-17
RandomInt被取消在PieLove版的发文权限,/nForum/article/PieLove/2410773,2016-08-17
Re: 87 年银行MM征友,/nForum/article/PieLove/2390616,2016-08-17
88年北京MM征有缘GG,/nForum/article/PieLove/2410574,2016-08-16
87年女医生征婚（坐标郑州）,/nForum/article/PieLove/2410470,2016-08-15
帮P大同学征MM,/nForum/article/PieLove/2410645,2016-08-16
Re: 替88年优秀MM征靠谱GG,/nForum/article/PieLove/2410355,2016-08-17
Re: 85年美女征男友,/nForum/article/PieLove/2399150,2016-08-16
40岁丧偶无小孩，惠州事业单位硕士男征婚。。,/nForum/article/PieLove/2377618,2016-04-18
Re: 北漂大龄女生征友,/nForum/article/PieLove/2409899,2016-08-16
este被取消在PieLove版的发文权限,/nForum/article/PieLove/2410571,2016-08-16
jyjygirlgg被取消在PieLove版的发文权限,/nForum/article/PieLove/2410569,2016-08-16
Re: ------大龄GG征友，祝有情人终成眷属-----,/nForum/article/PieLove/2410384,2016-08-16
81GG诚征优秀MM,/nForum/article/PieLove/2410436,2016-08-15
坐标天津，诚征携手一生的她(附照片一张）,/nForum/article/PieLove/2407068,2016-08-02
代发89GG找个MM最好北京本地女,/nForum/article/PieLove/2410224,2016-08-13
靠谱的GG征友,/nForum/article/PieLove/2410477,2016-08-15
Re: MM征婚（非诚勿扰）,/nForum/article/PieLove/2387192,2016-08-15
83年短婚离异男征婚，非诚勿扰,/nForum/article/PieLove/2410466,2016-08-15
Re: 81年靠谱MM诚征GG,/nForum/article/PieLove/2410434,2016-08-15
征男友，标题不好起,/nForum/article/PieLove/2409994,2016-08-12
majeckwt被取消在PieLove版的发文权限,/nForum/article/PieLove/2410422,2016-08-15
Re: 大龄gg征女友,/nForum/article/PieLove/2410378,2016-08-15
85清华公务员GG征友,/nForum/article/PieLove/2409857,2016-08-11
征真诚靠谱GG结婚~,/nForum/article/PieLove/2409088,2016-08-07
代发上进IT男真诚征友共度一生,/nForum/article/PieLove/2410350,2016-08-14
成功女白领征男友,/nForum/article/PieLove/2409997,2016-08-12
Re: [征女友] 88哥哥慢征女友【北美地区】,/nForum/article/PieLove/2410081,2016-08-14
带同事mm七夕寻缘,/nForum/article/PieLove/2397841,2016-07-07
Re: 征mm,/nForum/article/PieLove/2410270,2016-08-13
女征男,/nForum/article/PieLove/2409925,2016-08-11
Re: 代闺蜜征友,/nForum/article/PieLove/2410272,2016-08-13
已删帖,/nForum/article/PieLove/2379587,2016-04-26
wspan被取消在PieLove版的发文权限,/nForum/article/PieLove/2410280,2016-08-13
hero0102被取消在PieLove版的发文权限,/nForum/article/PieLove/2410279,2016-08-13
Re: 来去匆匆恨不能相逢（M for G）,/nForum/article/PieLove/2396584,2016-08-13
ttkx被取消在PieLove版的发文权限,/nForum/article/PieLove/2410232,2016-08-13
请删帖,/nForum/article/PieLove/2406585,2016-08-01
sadie825被取消在PieLove版的发文权限,/nForum/article/PieLove/2410200,2016-08-13
只为你来 88MMforGG 坐标北京,/nForum/article/PieLove/2408885,2016-08-06
zhelong被取消在PieLove版的发文权限,/nForum/article/PieLove/2410154,2016-08-12
Re: 79年大气知性公务员湘妹子寻牵手~~~~~~~~~,/nForum/article/PieLove/2409920,2016-08-12
优秀85mm征友,/nForum/article/PieLove/2409782,2016-08-10
Re: 84年金融行业工作GG诚征女友,/nForum/article/PieLove/2392422,2016-08-11
83年创业男征硕士老婆,/nForum/article/PieLove/2409869,2016-08-11
89年湖南GG征友,/nForum/article/PieLove/2409851,2016-08-11
83年央企mm诚征男友（代友发）,/nForum/article/PieLove/2409577,2016-08-10
Re:[征友]IT妹纸征友奔结婚,/nForum/article/PieLove/2409412,2016-08-10
Re: 【GG征MM】 代优秀清华 GG 征好 MM,/nForum/article/PieLove/2409437,2016-08-10
87年优质男生诚征女友,/nForum/article/PieLove/2404948,2016-07-28
靠谱IT男征MM相伴一生,/nForum/article/PieLove/2407259,2016-08-03
Re: 靠谱男诚征靠谱女友,/nForum/article/PieLove/2409489,2016-08-10
找同温柔体贴聪明好玩、互相降得住的男人婚到白头，没空理渣,/nForum/article/PieLove/2409477,2016-08-10
88年京户国企MM寻找一个温暖的Mr Right征GG,/nForum/article/PieLove/2385983,2016-05-22
Re:91年MM真诚征婚,/nForum/article/PieLove/2409276,2016-08-09
smallworm被取消在PieLove版的发文权限,/nForum/article/PieLove/2409454,2016-08-09
Re: 代84优质男征女友,/nForum/article/PieLove/2409034,2016-08-09
87京户有房部委直属事业单位GG征MM,/nForum/article/PieLove/2409015,2016-08-07
代83年-金融机构-瘦mm征友,/nForum/article/PieLove/2385203,2016-05-18
Dragon1被取消在PieLove版的发文权限,/nForum/article/PieLove/2409245,2016-08-08
wocanmei被取消在PieLove版的发文权限,/nForum/article/PieLove/2409229,2016-08-08
83年优质美女妹子征男友了,/nForum/article/PieLove/2408732,2016-08-06
Re: 85靠谱GG诚征MM,/nForum/article/PieLove/2408634,2016-08-08
Re: 代89年医学博士MM征婚,/nForum/article/PieLove/2408670,2016-08-08
northisland被取消在PieLove版的发文权限,/nForum/article/PieLove/2409184,2016-08-08
Re: 真诚寻找另一半结婚，（深圳）,/nForum/article/PieLove/2403978,2016-08-08
88年男生征女友（京户已购房）,/nForum/article/PieLove/2408506,2016-08-05
善良MM征个靠谱GG,/nForum/article/PieLove/2408962,2016-08-07
Re: 诚征女友,/nForum/article/PieLove/2409095,2016-08-07
大龄MM鼓足勇气再次征GG,/nForum/article/PieLove/2408316,2016-08-04
Re: 可遇不可求，试觅缘mm,/nForum/article/PieLove/2409014,2016-08-07
Pls delete,/nForum/article/PieLove/2408514,2016-08-06
Re: 北漂大龄女生征不离不弃的伴侣,/nForum/article/PieLove/2408726,2016-08-07
Re: 85年大叔征一个能结婚的踏实MM,/nForum/article/PieLove/2409017,2016-08-07
Re: 愿得一人心 白首不相离,/nForum/article/PieLove/2408146,2016-08-07
Re: 代美女MM征GG成家,/nForum/article/PieLove/2408806,2016-08-07
Re: 85GG借佳节顶贴征MM,/nForum/article/PieLove/2408911,2016-08-07
82年男生征mm,/nForum/article/PieLove/2401436,2016-07-16
Re: 七夕前代隔壁89MM真诚征友,/nForum/article/PieLove/2408887,2016-08-07
Re: 寻找有缘人，大龄女真诚征男友,/nForum/article/PieLove/2408880,2016-08-07
家有表姐一枚,/nForum/article/PieLove/2408759,2016-08-06
[代师弟]征友，靠谱gg,/nForum/article/PieLove/2408403,2016-08-05
87年山西妹子期待有缘的GG（已修改，请版主不要删帖，真诚征友~,/nForum/article/PieLove/2404092,2016-07-26
Re: （代征）87姑娘征友：京户，西城重点高中，有房！,/nForum/article/PieLove/2407719,2016-08-06
Re: 温柔高挑黏人的南方MM征一个陪她到老的GG,/nForum/article/PieLove/2403799,2016-08-06
Re: 代一个优质mm征gg,/nForum/article/PieLove/2408239,2016-08-06
89年南方姑娘真诚征友,/nForum/article/PieLove/2354535,2016-01-11
携手同游人间（83年女生征男友）,/nForum/article/PieLove/2390957,2016-06-10
删除,/nForum/article/PieLove/2404702,2016-07-27
Re:[原创]83年湖北姑娘征婚-坐标北京-非诚勿扰,/nForum/article/PieLove/2395226,2016-08-06
征mm执子之手到白头,/nForum/article/PieLove/2408504,2016-08-05
北京男生来征友,/nForum/article/PieLove/2408503,2016-08-05
nhjdx被取消在PieLove版的发文权限,/nForum/article/PieLove/2408495,2016-08-05
Re: 麻烦问一下，怎么联系版务人员？我代发的征友帖被删了,/nForum/article/PieLove/2408376,2016-08-05
Re: 83京户有房大叔征女友（代友征婚）,/nForum/article/PieLove/2357244,2016-08-05
Re: 替一位优秀、帅气的哥们征女友,/nForum/article/PieLove/2408121,2016-08-05
【给亲妹代征】MM征成熟稳重GG,/nForum/article/PieLove/2403057,2016-07-21
Re: 代一85mm征gg，坐标上海,/nForum/article/PieLove/2408271,2016-08-05
raida123被取消在PieLove版的发文权限,/nForum/article/PieLove/2408308,2016-08-04
zlsunshine被取消在PieLove版的发文权限,/nForum/article/PieLove/2408307,2016-08-04
Re: Re:帮一个很不错的mm真诚征优秀gg,/nForum/article/PieLove/2406923,2016-08-04
86离异无娃巨蟹女征友啦~~想要一个温馨的家~,/nForum/article/PieLove/2406962,2016-08-02
Re:代友征婚，外企MM征婚,/nForum/article/PieLove/2406700,2016-08-04
Re: Re:代83年优质MM征友,/nForum/article/PieLove/2407536,2016-08-04
重庆MMfor重庆四川GG,/nForum/article/PieLove/2407226,2016-08-02
Majia3被取消在PieLove版的发文权限,/nForum/article/PieLove/2407528,2016-08-03
kingyuyan被取消在PieLove版的发文权限,/nForum/article/PieLove/2407527,2016-08-03
Re: 代友征婚 民企mm征大学研究所gg,/nForum/article/PieLove/2406772,2016-08-03
xway666被取消在PieLove版的发文权限,/nForum/article/PieLove/2407497,2016-08-03
Re: 真诚的，征婚（代友发文）,/nForum/article/PieLove/2394420,2016-08-03
【代征】代81MM诚征男友,/nForum/article/PieLove/2406893,2016-08-02
征妹纸,/nForum/article/PieLove/2404971,2016-07-28
xiaohaismth被取消在PieLove版的发文权限,/nForum/article/PieLove/2407214,2016-08-02
Re: 90年mm真诚征友（坐标武汉）,/nForum/article/PieLove/2407134,2016-08-02
【代征】85年上海mm诚征另一半,/nForum/article/PieLove/2406913,2016-08-02
Re: 征GG(87mm),/nForum/article/PieLove/2399077,2016-08-02
Re: 代财务自由的gg征mm,/nForum/article/PieLove/2406472,2016-08-02
Re: 代大龄离异码农征婚,/nForum/article/PieLove/2405854,2016-08-02
征男朋友结婚，附图，非诚勿扰（代）,/nForum/article/PieLove/2384482,2016-05-16
78 未婚女 征婚,/nForum/article/PieLove/2406074,2016-07-31
高个GG征个成熟温柔的姑娘,/nForum/article/PieLove/2404992,2016-07-29
Re: 只找一个你（83女征男）,/nForum/article/PieLove/2384190,2016-08-02
版面积分变更记录,/nForum/article/PieLove/2406672,2016-08-01
Re: Re:寻找半年左右成家的男士,/nForum/article/PieLove/2405217,2016-08-01
Re: 南方大龄国企mm诚意征gg,/nForum/article/PieLove/2405509,2016-08-01
代同事MM征友,/nForum/article/PieLove/2405274,2016-07-30
84MM征GG，执子之手，与子携老,/nForum/article/PieLove/2405188,2016-07-30
Re: 翻译mm征婚,/nForum/article/PieLove/2406320,2016-08-01
cdmamax被取消在PieLove版的发文权限,/nForum/article/PieLove/2406573,2016-08-01
[合集] 帮同事（女）诚征男友,/nForum/article/PieLove/2406572,2016-08-01
版面积分变更记录,/nForum/article/PieLove/2406497,2016-08-01
版面积分变更记录,/nForum/article/PieLove/2406496,2016-08-01
Re: 漂亮小表妹征男友（座标：上海）,/nForum/article/PieLove/2403541,2016-07-31
Re: 91年女生诚征男盆友,/nForum/article/PieLove/2403398,2016-07-31
优质88男/京户——诚心征友,/nForum/article/PieLove/2404245,2016-07-26
希望遇见我的“小幸运” 89MM诚征适婚GG（代）,/nForum/article/PieLove/2396834,2016-07-04
帮表妹征靠谱男友,/nForum/article/PieLove/2406062,2016-07-31
成都 MM征友GG,/nForum/article/PieLove/2382205,2016-05-06
82MM寻找那个他（代发）,/nForum/article/PieLove/2386238,2016-05-23
Re: 征个gg，要求高，勿拍,/nForum/article/PieLove/2406198,2016-07-31
Re: 征个在京90后妹子,/nForum/article/PieLove/2406106,2016-07-31
Re: 宁愿现在遗憾，也不愿意将来后悔，还是要试试～37岁未婚大,/nForum/article/PieLove/2405919,2016-07-31
坐标济南，望山东老乡推荐亲朋好友，金融行业GG征婚交友。,/nForum/article/PieLove/2405122,2016-07-29
Re: 87年Top2硕知书达理女生征GG~,/nForum/article/PieLove/2405283,2016-07-31
cadtom被取消在PieLove版的发文权限,/nForum/article/PieLove/2405460,2016-07-31
skyblue205被取消在PieLove版的发文权限,/nForum/article/PieLove/2405343,2016-07-31
替一个师姐征男朋友,/nForum/article/PieLove/2402317,2016-07-19
代我的好朋友征她的有缘人,/nForum/article/PieLove/2404561,2016-07-27
事业单位MM诚征靠谱GG,/nForum/article/PieLove/2403936,2016-07-26
[代征]：86年善良真诚MM诚征靠谱男友,/nForum/article/PieLove/2403984,2016-07-26
代87年同事mm征婚,/nForum/article/PieLove/2405062,2016-07-29
已删除,/nForum/article/PieLove/2400763,2016-07-15
Re: 代82离异MM征婚,/nForum/article/PieLove/2405089,2016-07-31
Re: 90年女征gg 坐标深圳,/nForum/article/PieLove/2403825,2016-07-31
Re: 【代89年妹子诚征靠谱GG】,/nForum/article/PieLove/2404938,2016-07-31
87年女生为自己代言，诚征GG,/nForum/article/PieLove/2392532,2016-06-17
高挑美女征婚,/nForum/article/PieLove/2404816,2016-07-28
事业单位清秀可爱博士mm征志同道合的GG,/nForum/article/PieLove/2403559,2016-07-23
大龄未婚GG真诚征婚,/nForum/article/PieLove/2363558,2016-02-24
change2008被取消在PieLove版的发文权限,/nForum/article/PieLove/2405157,2016-07-30
大连GG征女友结婚【坐标大连】,/nForum/article/PieLove/2397803,2016-07-06
Sitting next to you (for GG),/nForum/article/PieLove/2404979,2016-07-28
GG征友,/nForum/article/PieLove/2405099,2016-07-29
ttkx被取消在PieLove版的发文权限,/nForum/article/PieLove/2405097,2016-07-29
aa,/nForum/article/PieLove/2405082,2016-07-29
Re: 代：坐标济南，金融行业GG征婚交友。,/nForum/article/PieLove/2404636,2016-07-29
Re: 代90年阳光男生诚征mm,/nForum/article/PieLove/2404384,2016-07-28
Re: 花式征友^^,/nForum/article/PieLove/2403888,2016-07-28
Re: 大龄GG诚征MM,/nForum/article/PieLove/2404937,2016-07-28
88年男生征女友，期待你的来临,/nForum/article/PieLove/2404923,2016-07-28
Re: 盛夏大龄GG真诚寻找MM,/nForum/article/PieLove/2404635,2016-07-28
Re: 大龄男征女朋友,/nForum/article/PieLove/2404911,2016-07-28
Re: 代闺蜜征婚,/nForum/article/PieLove/2403854,2016-07-28
trf被取消在PieLove版的发文权限,/nForum/article/PieLove/2404840,2016-07-28
【广州】84MM诚意征GG（广州）,/nForum/article/PieLove/2359454,2016-02-03
Re: 征一个合适的老公,/nForum/article/PieLove/2404403,2016-07-27
征gg,/nForum/article/PieLove/2403649,2016-07-24
优质踏实博士GG诚征女友,/nForum/article/PieLove/2404764,2016-07-27
Re: 84年简单mm征友,/nForum/article/PieLove/2387131,2016-07-27
Re: 代医生MM征GG,/nForum/article/PieLove/2403109,2016-07-27
Re: 81年靠谱金融GG诚征结婚对象,/nForum/article/PieLove/2404441,2016-07-27
Re:【征大龄gg】最好的安排,/nForum/article/PieLove/2404238,2016-07-26
Re: 【代】离异优秀男士征婚,/nForum/article/PieLove/2403468,2016-07-26
Re: ★京户已购房踏实靠谱500强外企IT男诚征MM相伴一生☆,/nForum/article/PieLove/2403463,2016-07-26
给同事征友,/nForum/article/PieLove/2404125,2016-07-26
Re:◆◆◆干净靠谱开朗男生寻找温婉良淑女生◆◆◆,/nForum/article/PieLove/2403742,2016-07-26
Re: 【86年湖南GG征一份姻缘，诚意满满】,/nForum/article/PieLove/2394470,2016-07-26
期待一次倾心相遇，天长地久俩不负【男征女】,/nForum/article/PieLove/2389448,2016-06-03
Re: ［代］帅g征婚,/nForum/article/PieLove/2404059,2016-07-26
Re: 87年山西妹子期待有缘的GG,/nForum/article/PieLove/2403227,2016-07-26
工科男征婚,/nForum/article/PieLove/2364753,2016-02-29
LanHe被取消在PieLove版的发文权限,/nForum/article/PieLove/2403821,2016-07-25
wappush被取消在PieLove版的发文权限,/nForum/article/PieLove/2403819,2016-07-25
AsKoO被取消在PieLove版的发文权限,/nForum/article/PieLove/2403818,2016-07-25
Re: 【征MM】80年京户已购房国企IT男征友,/nForum/article/PieLove/2403746,2016-07-25
GG诚征MM,/nForum/article/PieLove/2403720,2016-07-25
Re: 【征MM】80年京户已购房国企IT男征友,/nForum/article/PieLove/2403640,2016-07-25
Re: 【代友征MM】国企踏实可靠GG诚征自己的另一半,/nForum/article/PieLove/2369964,2016-07-25
Re: PieLove版不受欢迎名单,/nForum/article/PieLove/40233944,2016-07-25
Re: 寻一个ＭＭ,/nForum/article/PieLove/1637210,2016-07-25
真诚征男友，非诚勿扰。有王道,/nForum/article/PieLove/2402915,2016-07-20
大龄MM真诚征婚,/nForum/article/PieLove/2403589,2016-07-24
88年普通MM诚征另一半,/nForum/article/PieLove/2403508,2016-07-23
Re: 代优秀山东MM发帖,/nForum/article/PieLove/2399979,2016-07-24
Re: 真诚征一位在帝都的GG,/nForum/article/PieLove/2402311,2016-07-24
征GG,/nForum/article/PieLove/2403130,2016-07-21
Re:92年山东姑娘征友（青岛）,/nForum/article/PieLove/2403276,2016-07-24
Re: [原创]代友征：85年山东姑娘寻觅有缘人,/nForum/article/PieLove/2403390,2016-07-23
Re: 真诚征MM,/nForum/article/PieLove/2403520,2016-07-23
Re: 寻找一起看风景的人 (坐标上海）,/nForum/article/PieLove/2403480,2016-07-23
替表哥征个媳妇,/nForum/article/PieLove/2403449,2016-07-23
Re: 博士GG真诚征陪伴未来的另一半,/nForum/article/PieLove/2403469,2016-07-23
84男生征MM,/nForum/article/PieLove/2400161,2016-07-13
84男征友（北京or厦门）,/nForum/article/PieLove/2401551,2016-07-16
靠谱IT男征MM相伴一生,/nForum/article/PieLove/2391754,2016-06-13
Re: 88年GG征MM,/nForum/article/PieLove/2399877,2016-07-22
幽默暖事业男征MM,/nForum/article/PieLove/2403038,2016-07-21
Re: 代82mm征gg,/nForum/article/PieLove/2403160,2016-07-22
Re: 81年GG诚征优秀MM,/nForum/article/PieLove/2385717,2016-07-22
87年大好年华的GG征MM结婚，组建家庭。,/nForum/article/PieLove/2403062,2016-07-21
诚征一位优秀的MM,/nForum/article/PieLove/2403126,2016-07-21
Re: ------大龄GG征友，祝有情人终成眷属-----,/nForum/article/PieLove/2403152,2016-07-22
征一个合适的gg,/nForum/article/PieLove/2403105,2016-07-21
[合集] 90年艺术系女生为自己征男友,/nForum/article/PieLove/2403071,2016-07-21
测试,/nForum/article/PieLove/2381325,2016-05-02
Re: 代京户优秀gg征mm！,/nForum/article/PieLove/2402877,2016-07-21
Re: 静女其姝，静女其嫣--代我的小闺蜜征一位优秀男士（附多张,/nForum/article/PieLove/2396875,2016-07-20
11,/nForum/article/PieLove/2392655,2016-06-17
83年mm认真征婚,/nForum/article/PieLove/2366119,2016-03-03
京户国企博士哥哥征友，走过路过不要错过,/nForum/article/PieLove/2402860,2016-07-20
Re: 男征女！,/nForum/article/PieLove/2402779,2016-07-20
Re: 85码农征女友,/nForum/article/PieLove/2402389,2016-07-20
报喜,/nForum/article/PieLove/2389372,2016-06-03
tristansong被取消在PieLove版的发文权限,/nForum/article/PieLove/2402512,2016-07-20
Re: 替表哥征个媳妇,/nForum/article/PieLove/2401841,2016-07-20
90年艺术系女生为自己征男友,/nForum/article/PieLove/2402405,2016-07-20
Re: 85码农征女友,/nForum/article/PieLove/2402346,2016-07-19
Re: 84男诚意征友结婚,/nForum/article/PieLove/2401585,2016-07-19
Re: 89年的白羊座妹子找个GG,/nForum/article/PieLove/2400905,2016-07-19
87年河北在京硕士女，只寻一心人，For GG~~啦啦啦啦啦啦啦。。,/nForum/article/PieLove/2401222,2016-07-15
Re: 82年GG真诚征另一半,/nForum/article/PieLove/2401543,2016-07-18
Re: 大龄gg征女友,/nForum/article/PieLove/2402195,2016-07-18
Re: 征婚（For gg),/nForum/article/PieLove/2396622,2016-07-18
高校教师-79女-诚征男友,/nForum/article/PieLove/2402154,2016-07-18
Re: 带86mm+北师大本科中科院研究生+北京知名高中任教诚征男友,/nForum/article/PieLove/2401604,2016-07-18
Re: 诚征开朗、聊得来的GG---代83年优秀医学MM诚征另一半,/nForum/article/PieLove/2401624,2016-07-18
Re: 俩公务猿征男,/nForum/article/PieLove/2401837,2016-07-18
帮亲戚征婚！,/nForum/article/PieLove/2399528,2016-07-12
"湖北女诚征男票,坐标深圳，非诚勿扰",/nForum/article/PieLove/2395148,2016-06-25
84年女生寻终身伴侣,/nForum/article/PieLove/2400931,2016-07-15
Re: 征72-82成熟稳重男,/nForum/article/PieLove/2382392,2016-07-17
intelligence被取消在PieLove版的发文权限,/nForum/article/PieLove/2402040,2016-07-17
Majia3被取消在PieLove版的发文权限,/nForum/article/PieLove/2402039,2016-07-17
82年贤惠未婚女诚心征婚（坐标福建，可移居）,/nForum/article/PieLove/2380560,2016-05-01
代发：女征男（85mm）,/nForum/article/PieLove/2401978,2016-07-17
征婚 男征女,/nForum/article/PieLove/2358774,2016-01-31
★87mm诚征靠谱男士，非诚勿扰★,/nForum/article/PieLove/2385816,2016-05-21
Re: 86mm征友~,/nForum/article/PieLove/2399073,2016-07-17
Re: Re: Re: Re: Re: 山不来就我，我便去就山（不限地域征男友,/nForum/article/PieLove/2400579,2016-07-17
86条件中偏上男征MM，178/77房车学俱全，实在.....,/nForum/article/PieLove/2386355,2016-05-23
change2008被取消在PieLove版的发文权限,/nForum/article/PieLove/2401731,2016-07-17
zdiao被取消在PieLove版的发文权限,/nForum/article/PieLove/2401730,2016-07-17
wrry被取消在PieLove版的发文权限,/nForum/article/PieLove/2401729,2016-07-17
Re: 代发：帮一真诚善良MM诚征男友,/nForum/article/PieLove/2401544,2016-07-16
[原创]84MM诚征终身伴侣，非诚勿扰,/nForum/article/PieLove/2401636,2016-07-16
Re: 【征MM】82男征MM，祝自己成功:),/nForum/article/PieLove/2366466,2016-07-16
真诚寻找另一半 forGG （代发）,/nForum/article/PieLove/2401581,2016-07-16
[原创]猴年马月第一天，大龄MM征大龄GG！,/nForum/article/PieLove/2389881,2016-06-05
Judy2016被取消在PieLove版的发文权限,/nForum/article/PieLove/2401534,2016-07-16
Re: 征gg结婚,/nForum/article/PieLove/2400122,2016-07-16
阳光帅气男生征友啦！！！,/nForum/article/PieLove/2400760,2016-07-15
真诚善良想成家的MM诚征有缘GG,/nForum/article/PieLove/2397013,2016-07-04
Ryu被取消在PieLove版的发文权限,/nForum/article/PieLove/2401043,2016-07-15
eaglefly被取消在PieLove版的发文权限,/nForum/article/PieLove/2401042,2016-07-15
我美腻的闺蜜来征友啦，啦啦啦……,/nForum/article/PieLove/2398729,2016-07-08
代88年河北MM真诚征GG,/nForum/article/PieLove/2398323,2016-07-08
otter2005被取消在PieLove版的发文权限,/nForum/article/PieLove/2400965,2016-07-15
Re: Re: Re: 91年朴实妹子诚心征友,/nForum/article/PieLove/2400787,2016-07-15
★★★★ 【 84年gg 诚征 mm 】,/nForum/article/PieLove/2376770,2016-04-16
Re: 靠谱人啊靠谱人靠谱人啊靠谱的人征个女朋友啊女朋友（有真,/nForum/article/PieLove/2400807,2016-07-15
Re: 吐槽一个离婚少妇,/nForum/article/PieLove/2400719,2016-07-15
Re: 优秀工程师MM征男友,/nForum/article/PieLove/2390663,2016-07-15
Re: 82年男生征MM,/nForum/article/PieLove/2400416,2016-07-15
Re: 假期为自己的事情抓点紧MM for GG,/nForum/article/PieLove/2400595,2016-07-14
++83年GG征MM++,/nForum/article/PieLove/2400459,2016-07-14
Re: 82年离异女真诚征婚,/nForum/article/PieLove/2400601,2016-07-14
Re: TOP2博士GG诚征靠谱MM,/nForum/article/PieLove/2400410,2016-07-14
bhlt被取消在PieLove版的发文权限,/nForum/article/PieLove/2400448,2016-07-14
tyxu被取消在PieLove版的发文权限,/nForum/article/PieLove/2400445,2016-07-14
libido被取消在PieLove版的发文权限,/nForum/article/PieLove/2400443,2016-07-14
northisland被取消在PieLove版的发文权限,/nForum/article/PieLove/2400440,2016-07-14
Re: 87京户女征友 （代）,/nForum/article/PieLove/2399914,2016-07-14
大龄美女征友,/nForum/article/PieLove/2399293,2016-07-11
Re: 愿他是你 ——从前的锁也好看，你锁了，人家就懂了,/nForum/article/PieLove/2396463,2016-07-14
请帮忙把这篇文章删除,/nForum/article/PieLove/2397064,2016-07-04
京籍海归女征婚，有照片,/nForum/article/PieLove/2394392,2016-07-13
Re: 85年江西mm征友（for靠谱gg）,/nForum/article/PieLove/2398842,2016-07-13
Re: 仲夏MM征GG,/nForum/article/PieLove/2399259,2016-07-13
lgs被取消在PieLove版的发文权限,/nForum/article/PieLove/2399985,2016-07-13
nbest被取消在PieLove版的发文权限,/nForum/article/PieLove/2399983,2016-07-13
kitkat2被取消在PieLove版的发文权限,/nForum/article/PieLove/2399982,2016-07-13
jumbonb被取消在PieLove版的发文权限,/nForum/article/PieLove/2399981,2016-07-13
85mm征gg,/nForum/article/PieLove/2385777,2016-05-21
Re: 替钻石级大叔征女友，人在南京，年轻有为，很厚道@--@,/nForum/article/PieLove/2399878,2016-07-12
Re: 26岁MM诚征男友，期待缘分在今夏降临,/nForum/article/PieLove/2399078,2016-07-12
谢谢关注,/nForum/article/PieLove/2397465,2016-07-05
Re: 代85年京户有房邻居征婚（男征女）,/nForum/article/PieLove/2399163,2016-07-12
Re: 【代发】爽朗北京mm征男友,/nForum/article/PieLove/2399004,2016-07-12
Re: 第2.5次，代一83年的好姑娘征友,/nForum/article/PieLove/2399231,2016-07-12
Re: 替一位可爱88年MM征男友，坐标北京,/nForum/article/PieLove/2398249,2016-07-12
请版主删帖！,/nForum/article/PieLove/2399296,2016-07-11
Re: 一个性感的83年的未婚强壮男人在苏州期待着未婚未孕的性感,/nForum/article/PieLove/2390805,2016-07-11
zhuliyan1988被取消在PieLove版的发文权限,/nForum/article/PieLove/2399261,2016-07-11
xiaofengcs被取消在PieLove版的发文权限,/nForum/article/PieLove/2399260,2016-07-11
86年MM征男友步入婚姻,/nForum/article/PieLove/2399168,2016-07-11
81大龄未婚女征合适的另一半(代姐征),/nForum/article/PieLove/2399162,2016-07-11
Re: Re:坐标上海，88年山东妹纸征个山东gg,/nForum/article/PieLove/2398138,2016-07-11
.,/nForum/article/PieLove/2395327,2016-06-26
代气质MM征男友结婚,/nForum/article/PieLove/2397527,2016-07-06
Re: 替可爱的87妹子征婚，坐标成都,/nForum/article/PieLove/2398988,2016-07-10
代80师兄征婚,/nForum/article/PieLove/2399018,2016-07-10
Re: 85年码农征MM,/nForum/article/PieLove/2399012,2016-07-10
Re: 88年MM寻缘，坐标北京,/nForum/article/PieLove/2382210,2016-07-10
Re: 表嫂你在哪里呢？表哥喊你回家。。。,/nForum/article/PieLove/2398888,2016-07-10
今年我们一起步入婚姻吧，80年北京女孩求夫君！(有照片 代友发 ,/nForum/article/PieLove/2398958,2016-07-09
Re: 代发：只是想要结婚了（85mm）,/nForum/article/PieLove/2398229,2016-07-09
Re:走过路过莫错过，代86年靠谱mm征婚！！,/nForum/article/PieLove/2398788,2016-07-09
Re: 【代发】北京妞征男友,/nForum/article/PieLove/2398461,2016-07-09
【gg征mm】1985-170cm-央企京户-硕士gg征婚,/nForum/article/PieLove/2392487,2016-06-16
代85年师姐征结婚对象,/nForum/article/PieLove/2398940,2016-07-09
Re: 代上得厅堂、下得厨房、秀外慧中MM 寻觅佳偶（附照片）,/nForum/article/PieLove/2398757,2016-07-09
Re:代81年靠谱MM征男友,/nForum/article/PieLove/2398074,2016-07-09
Re:[原创]隆重推出一位优质的高管妹妹,/nForum/article/PieLove/2398712,2016-07-09
Re: 帮一个美女朋友征友,/nForum/article/PieLove/2398495,2016-07-09
Re: Re:代91年MM真诚征婚,/nForum/article/PieLove/2398149,2016-07-08
Re: 【相由心生，84gg征友】,/nForum/article/PieLove/2398825,2016-07-08
79年离异工科PHD男征婚,/nForum/article/PieLove/2396764,2016-07-03
ncut1986被取消在PieLove版的发文权限,/nForum/article/PieLove/2398808,2016-07-08
intelligence被取消在PieLove版的发文权限,/nForum/article/PieLove/2398807,2016-07-08
SunWinter被取消在PieLove版的发文权限,/nForum/article/PieLove/2398805,2016-07-08
Re: 88年bjGG~985软件硕士真诚征MM,/nForum/article/PieLove/2390456,2016-07-08
Re: [原创] 只为Mr.Right而来（靠谱gg看过来）,/nForum/article/PieLove/2396843,2016-07-08
代温婉可爱的90后堂妹征GG,/nForum/article/PieLove/2376328,2016-04-14
Re: 代优秀GG征个靠谱女朋友,/nForum/article/PieLove/2398588,2016-07-08
Re: 这里还可以好好的征婚么,/nForum/article/PieLove/2398500,2016-07-08
2016年，真诚寻找属于我的君王 ～（mm for gg 附照）,/nForum/article/PieLove/2354909,2016-01-13
Re: 81年未婚女征另一半(101),/nForum/article/PieLove/2397675,2016-07-08
Re: 征个擅长理财的MM,/nForum/article/PieLove/2390979,2016-07-07
代京户有房84年踏实个高同事征mm,/nForum/article/PieLove/2397948,2016-07-07
1,/nForum/article/PieLove/2397795,2016-07-06
92妹纸征友（北京）—猴年马月的征友感触,/nForum/article/PieLove/2396940,2016-07-04
替表姐征婚,/nForum/article/PieLove/2396893,2016-07-04
我,/nForum/article/PieLove/2396885,2016-07-04
82未婚女征婚,/nForum/article/PieLove/2396782,2016-07-03
86年金融理工居家男征婚  人在深圳 也可去北京 有海外居留权,/nForum/article/PieLove/2396748,2016-07-03
懂事温柔的优秀姑娘征男友,/nForum/article/PieLove/2396714,2016-07-03
80年大叔征MM，希望1年内结婚【附照】,/nForum/article/PieLove/2396665,2016-07-02
[原创]姐姐在此（请哥哥速速过来吧）,/nForum/article/PieLove/2396556,2016-07-02
诚意征GG步入婚姻殿堂（南方MM＋大龄＋国企＋有房）,/nForum/article/PieLove/2396445,2016-07-01
代84年云南MM征婚,/nForum/article/PieLove/2396354,2016-07-01
[原创]80年创业GG征MM,/nForum/article/PieLove/2396333,2016-06-30
优雅MM诚征聊得来的GG步入婚姻,/nForum/article/PieLove/2396243,2016-06-30
离异无孩，女征男(深圳),/nForum/article/PieLove/2396231,2016-06-30
85年MM征婚,/nForum/article/PieLove/2396206,2016-06-29
87年金融男征女友,/nForum/article/PieLove/2396133,2016-06-29
终于攒够积分了。GG征MM,/nForum/article/PieLove/2395794,2016-06-28
"mm征友:山中高士晶莹雪,望月盈缺,谁做披衣人？",/nForum/article/PieLove/2395616,2016-06-28
.,/nForum/article/PieLove/2395553,2016-06-27
代同学征友 （for MM）,/nForum/article/PieLove/2395473,2016-06-27
愿世上所有有缘人终将相遇并成眷属(女征男）,/nForum/article/PieLove/2395413,2016-06-27
大龄+幽默+事业暖男征MM,/nForum/article/PieLove/2395143,2016-06-25
帮海归金融男同事征友,/nForum/article/PieLove/2395122,2016-06-25
寻找另一半（MM for GG）,/nForum/article/PieLove/2395029,2016-06-25
79年女征婚,/nForum/article/PieLove/2394916,2016-06-24
83大龄剩女pie大叔结婚,/nForum/article/PieLove/2394820,2016-06-24
为什么删不掉...,/nForum/article/PieLove/2394576,2016-06-24
征男友结婚,/nForum/article/PieLove/2394205,2016-06-22
代83年江西mm征婚,/nForum/article/PieLove/2393543,2016-06-21
海归女征婚~急征（年底婚）,/nForum/article/PieLove/2393389,2016-06-21
【男征女】高个大龄gg诚征有缘mm走向婚姻 已征到 谢谢关注,/nForum/article/PieLove/2393290,2016-06-20
十年前来征友，十年后来征婚,/nForum/article/PieLove/2393286,2016-06-20
代同事姐姐征友,/nForum/article/PieLove/2393264,2016-06-20
89南方普通妹子寻靠谱对象,/nForum/article/PieLove/2393096,2016-06-20
代小师妹发帖-征男友,/nForum/article/PieLove/2393014,2016-06-19
90年温柔居家女生寻找真爱【坐标：郑州】,/nForum/article/PieLove/2392906,2016-06-19
征为梦想一起努力的靠谱LG，征，征，征（附多张照）,/nForum/article/PieLove/2392840,2016-06-18
高个男征女友,/nForum/article/PieLove/2392832,2016-06-18
已删,/nForum/article/PieLove/2392827,2016-06-18
83年MM真诚征婚,/nForum/article/PieLove/2392740,2016-06-18
81GG诚征女友,/nForum/article/PieLove/2392717,2016-06-17
85MM 征GG,/nForum/article/PieLove/2392708,2016-06-17
感谢水木成就良好姻缘，晒下我家两个娃,/nForum/article/PieLove/2392624,2016-06-17
78未婚女征GG,/nForum/article/PieLove/2392622,2016-06-17
代朋友mm征靠谱男,/nForum/article/PieLove/2392621,2016-06-17
84年北京姑娘征靠谱另一半儿,/nForum/article/PieLove/2392268,2016-06-16
82GG征女友,/nForum/article/PieLove/2392098,2016-06-15
征gg，坚持征下去,/nForum/article/PieLove/2392066,2016-06-15
代同学MM发帖征个合适的男友走向婚姻,/nForum/article/PieLove/2392006,2016-06-15
92年MM征靠谱GG,/nForum/article/PieLove/2391980,2016-06-15
【MM看过来】替88年靠谱男同事征女友,/nForum/article/PieLove/2391883,2016-06-14
代女同学征婚,/nForum/article/PieLove/2391856,2016-06-14
两MM组团征友（坐标上海、北京）,/nForum/article/PieLove/2391748,2016-06-13
84 女 征友,/nForum/article/PieLove/2391682,2016-06-13
经济适用男征婚,/nForum/article/PieLove/2391681,2016-06-13
81年离异男真诚证可以结婚的女孩,/nForum/article/PieLove/2391620,2016-06-12
zeze,/nForum/article/PieLove/2391594,2016-06-12
替表妹征婚，36岁，已入澳洲籍,/nForum/article/PieLove/2391568,2016-06-12
山东妹子征友,/nForum/article/PieLove/2391523,2016-06-12
大龄离异男征婚,/nForum/article/PieLove/2391345,2016-06-11
（杭州）90年码农GG征有缘人,/nForum/article/PieLove/2391309,2016-06-11
83年mm征友,/nForum/article/PieLove/2391241,2016-06-11
征友，认真求轻拍,/nForum/article/PieLove/2391012,2016-06-10
国企女征大龄男（35+）,/nForum/article/PieLove/2390984,2016-06-10
"代28岁真诚靠谱IT男,诚征女孩步入婚姻(坐标北京)",/nForum/article/PieLove/2390952,2016-06-10
（福州）普通大龄男征友,/nForum/article/PieLove/2390843,2016-06-10
MM征婚：寻求一可靠男,/nForum/article/PieLove/2390654,2016-06-09
旅行前发个帖征友（for mm）希望下次旅游是两个人,/nForum/article/PieLove/2390577,2016-06-08
京籍海归女征婚,/nForum/article/PieLove/2390423,2016-06-08
寻找能真心以待的人（for  gg）,/nForum/article/PieLove/2390257,2016-06-06
86MM猴年马月征男友,/nForum/article/PieLove/2390235,2016-06-06
征mm共度一生,/nForum/article/PieLove/2390224,2016-06-06
代82年表姐真诚征友，希望今年结婚！,/nForum/article/PieLove/2390160,2016-06-06
替表妹征友,/nForum/article/PieLove/2389959,2016-06-05
代thu师弟征90后人生路上的伴侣,/nForum/article/PieLove/2389949,2016-06-05
大龄GG征婚,/nForum/article/PieLove/2389920,2016-06-05
代温柔可爱的海归表妹征友,/nForum/article/PieLove/2389900,2016-06-05
请版主删帖，谢谢,/nForum/article/PieLove/2389897,2016-06-05
善良mm征价值观相似gg,/nForum/article/PieLove/2389896,2016-06-05
大龄哥哥诚征MM结婚,/nForum/article/PieLove/2389702,2016-06-04
替82年mm征婚,/nForum/article/PieLove/2389546,2016-06-03
代友发帖，mm征gg,/nForum/article/PieLove/2389521,2016-06-03
87年傻GG征女友（expired）,/nForum/article/PieLove/2389401,2016-06-03
32岁离异男征婚,/nForum/article/PieLove/2389287,2016-06-03
"南昌MM寻南昌GG(附素颜照 ,没有做任何处理)",/nForum/article/PieLove/2389264,2016-06-03
87gg找女朋友,/nForum/article/PieLove/2389047,2016-06-02
请版主删帖,/nForum/article/PieLove/2389036,2016-06-02
代征靠谱男友,/nForum/article/PieLove/2388933,2016-06-02
希望能抓住27岁的尾巴-89年MM（不一定在北京）,/nForum/article/PieLove/2388816,2016-06-01
事业单位gg真诚征婚,/nForum/article/PieLove/2388718,2016-06-01
代同事征友，88年靠谱mm征友,/nForum/article/PieLove/2388640,2016-05-31
81大龄GG真诚征婚(深圳),/nForum/article/PieLove/2388563,2016-05-31
【代同事】征友,/nForum/article/PieLove/2388427,2016-05-30
找一个颜值较高(非自认)聪明的mm。标题长点才有人回(地青勿入),/nForum/article/PieLove/2388295,2016-05-30
诚意征GG步入婚姻殿堂（南方MM＋大龄＋国企＋有房）,/nForum/article/PieLove/2387838,2016-05-29
【for mm】78年男征婚,/nForum/article/PieLove/2387801,2016-05-29
test,/nForum/article/PieLove/2387764,2016-05-29
88年姑娘带着诚意找幸福O(∩_∩)O,/nForum/article/PieLove/2387607,2016-05-28
[原创]89年男生蒸个初恋妹子,/nForum/article/PieLove/2387603,2016-05-28
代mm征gg,/nForum/article/PieLove/2387431,2016-05-28
征mm 相爱到永久,/nForum/article/PieLove/2387391,2016-05-27
替表妹征婚,/nForum/article/PieLove/2387224,2016-05-27
大龄mm真诚征婚！,/nForum/article/PieLove/2387211,2016-05-27
87北京mm真诚征婚,/nForum/article/PieLove/2386895,2016-05-26
征靠谱男友,/nForum/article/PieLove/2386825,2016-05-26
真诚征婚，女征男。谢谢！,/nForum/article/PieLove/2386598,2016-05-25
代踏实靠谱的83年东北姑娘征另一半,/nForum/article/PieLove/2386577,2016-05-25
寻找能真心以待的人,/nForum/article/PieLove/2386554,2016-05-24
北京青年诚征女朋友，希望有缘遇到你！,/nForum/article/PieLove/2386121,2016-05-22
真诚代亲妹妹征男朋友（附照），非诚勿扰！,/nForum/article/PieLove/2386055,2016-05-22
已删除,/nForum/article/PieLove/2386035,2016-05-22
沈阳师范大学金融系毕业女生征靠谱哥哥,/nForum/article/PieLove/2385976,2016-05-22
【代友发文】84年大学女老师寻找Mr.Right,/nForum/article/PieLove/2385930,2016-05-22
【清华GG征MM】阳光宅男征靠谱好姑娘,/nForum/article/PieLove/2385885,2016-05-21
代发帖【gg征mm】,/nForum/article/PieLove/2385867,2016-05-21
京籍海归女征婚,/nForum/article/PieLove/2385757,2016-05-21
Re: 85年离异女生征一个踏实过日子的人,/nForum/article/PieLove/2385369,2016-05-21
86年mm诚征gg（代）,/nForum/article/PieLove/2385719,2016-05-20
深圳ET MM征婚,/nForum/article/PieLove/2385675,2016-05-20
报喜帖：感谢水木鹊桥,/nForum/article/PieLove/2385653,2016-05-20
【代征】上进IT帅小伙，真诚征女友,/nForum/article/PieLove/2385602,2016-05-20
MM诚意征友,/nForum/article/PieLove/2385466,2016-05-19
代84靠谱gg征mm结婚,/nForum/article/PieLove/2385465,2016-05-19
[原创]87年靠谱GG真诚征友,/nForum/article/PieLove/2385449,2016-05-19
代87年表妹征友一名,/nForum/article/PieLove/2385376,2016-05-19
代MM征GG,/nForum/article/PieLove/2385351,2016-05-18
帮海淀某高校女青椒mm征婚,/nForum/article/PieLove/2385309,2016-05-18
大龄GG真诚征MM，携手一生,/nForum/article/PieLove/2385294,2016-05-18
征GG,/nForum/article/PieLove/2385280,2016-05-18
帮朋友征MM,/nForum/article/PieLove/2385247,2016-05-18
【代征】30-40年收入首席设计师征哥哥,/nForum/article/PieLove/2385215,2016-05-18
“我要稳稳的幸福”87年在京MM征GG，内附照（代）,/nForum/article/PieLove/2385120,2016-05-17
86年，重庆妹子诚征男友(代),/nForum/article/PieLove/2385102,2016-05-17
83京男码农征友,/nForum/article/PieLove/2384772,2016-05-17
请删贴,/nForum/article/PieLove/2384707,2016-05-17
86年狮子座IT男真诚征友,/nForum/article/PieLove/2384691,2016-05-17
代朋友征友（mm for gg),/nForum/article/PieLove/2384568,2016-05-16
深圳工作mm寻找自己的缘分(代征),/nForum/article/PieLove/2384547,2016-05-16
~mm诚征男友~,/nForum/article/PieLove/2384504,2016-05-16
[原创]82年MM真诚征婚,/nForum/article/PieLove/2384462,2016-05-16
银行GG征合适MM,/nForum/article/PieLove/2384258,2016-05-16
[原创]【代发】北大硕士金融女诚心征gg（非诚勿扰）,/nForum/article/PieLove/2384157,2016-05-15
封贴,/nForum/article/PieLove/2383976,2016-05-15
替一位老叔征婚,/nForum/article/PieLove/2383973,2016-05-15
下雨天，征MM走向婚姻,/nForum/article/PieLove/2383841,2016-05-14
大龄MM真诚征婚,/nForum/article/PieLove/2383733,2016-05-14
【代友征婚】69年大方开朗女士诚征男士携手漫步人生路,/nForum/article/PieLove/2383547,2016-05-14
84教师MM征婚,/nForum/article/PieLove/2383538,2016-05-14
命里有时终须有，命里无时莫强求~~,/nForum/article/PieLove/2383511,2016-05-13
温和南方mm寻觅有缘人,/nForum/article/PieLove/2383252,2016-05-12
代朋友真诚征个好女孩结婚 for MM,/nForum/article/PieLove/2382953,2016-05-10
善良谦和mm诚寻有缘人,/nForum/article/PieLove/2382952,2016-05-10
替同学征男友,/nForum/article/PieLove/2382898,2016-05-09
北京86年学渣土著GG真诚征结婚对象,/nForum/article/PieLove/2382885,2016-05-09
真诚征男友,/nForum/article/PieLove/2382822,2016-05-09
广州83年大学女教师for gg（北京，广州，深圳皆可）,/nForum/article/PieLove/2382777,2016-05-08
89MM征男友【北京】,/nForum/article/PieLove/2382726,2016-05-08
82年底IT男真诚征友@北京（更新邮箱）,/nForum/article/PieLove/2382704,2016-05-08
删除失败，请斑竹协助吧,/nForum/article/PieLove/2382701,2016-05-08
★★代对门宿舍靠谱93年妹纸征初恋★★,/nForum/article/PieLove/2382667,2016-05-08
希望能在这里遇到你（for mm）,/nForum/article/PieLove/2382618,2016-05-08
特殊的日子里，大叔征婚。,/nForum/article/PieLove/2382595,2016-05-08
89年山东女孩诚心征男友,/nForum/article/PieLove/2382555,2016-05-07
靠谱实在央企工作的山东GG征友,/nForum/article/PieLove/2382182,2016-05-06
85年普通博士GG征友(上海),/nForum/article/PieLove/2382095,2016-05-05
[讨论],/nForum/article/PieLove/2381996,2016-05-04
央企名校硕男诚征情投意合&真爱伴侣！,/nForum/article/PieLove/2381918,2016-05-04
事业单位gg真诚征婚,/nForum/article/PieLove/2381451,2016-05-03
代友征友：85年暖心妹子征男友,/nForum/article/PieLove/2381421,2016-05-03
70后传媒与学术精英诚征女友,/nForum/article/PieLove/2381313,2016-05-02
...,/nForum/article/PieLove/2381210,2016-05-02
82年MM征男友一枚，非诚勿扰,/nForum/article/PieLove/2381195,2016-05-02
征婚（男征女）[广州],/nForum/article/PieLove/2381186,2016-05-02
优质男青年寻找有缘人,/nForum/article/PieLove/2381172,2016-05-02
[原创]87年gg诚蒸女友,/nForum/article/PieLove/2381171,2016-05-02
85GG 京户、名校毕业、单位中层诚征温柔善良MM,/nForum/article/PieLove/2381140,2016-05-02
嗯，81年大叔征老婆,/nForum/article/PieLove/2381072,2016-05-01
88年京户mm征gg,/nForum/article/PieLove/2380987,2016-05-01
89年央企优质女诚征男友,/nForum/article/PieLove/2380822,2016-05-01
80年京户国企mm征靠谱gg,/nForum/article/PieLove/2380478,2016-04-30
84mm征婚,/nForum/article/PieLove/2380315,2016-04-30
代82年央企女生诚征男友,/nForum/article/PieLove/2380280,2016-04-30
86北航技术男诚征MM,/nForum/article/PieLove/2380112,2016-04-29
通信大龄GG（非京户已购房）诚征MM（代友发）,/nForum/article/PieLove/2380098,2016-04-29
五一假期，征大龄GG相亲,/nForum/article/PieLove/2380070,2016-04-29
京籍海归女征婚,/nForum/article/PieLove/2380039,2016-04-29
代女同事征老公,/nForum/article/PieLove/2379900,2016-04-28
请版主关贴，谢谢！,/nForum/article/PieLove/2379809,2016-04-27
真诚征友，87年，女，通信研究生,/nForum/article/PieLove/2379685,2016-04-26
替同门师姐征男友,/nForum/article/PieLove/2379626,2016-04-26
诚,/nForum/article/PieLove/2379595,2016-04-26
坐标杭州，82银行GG征友（题目长一点）,/nForum/article/PieLove/2379426,2016-04-25
[公告] 批准 PieLove 版大版主 wtd 的连任申请 (转载),/nForum/article/PieLove/2379373,2016-04-25
PieLove 版版主 wtd 任满卸任 (转载),/nForum/article/PieLove/2379372,2016-04-25
诚征善良可爱女朋友！！！,/nForum/article/PieLove/2379354,2016-04-25
金融IT男真诚征友[广州],/nForum/article/PieLove/2379133,2016-04-25
有★红包：替堂妹征婚（寻合适的，不寻最好的）,/nForum/article/PieLove/2379033,2016-04-24
删贴,/nForum/article/PieLove/2378960,2016-04-24
87年征女朋友,/nForum/article/PieLove/2378758,2016-04-23
校庆福利，代金融业闺蜜诚征好GG,/nForum/article/PieLove/2378757,2016-04-23
代好友征婚，坐标哈尔滨,/nForum/article/PieLove/2378749,2016-04-23
79老男孩寻有阳光的妹纸（for mm）,/nForum/article/PieLove/2378706,2016-04-23
愿与你识于偶然，止于永远！（代征）,/nForum/article/PieLove/2378668,2016-04-23
今日本版第一 pie ： 85 GG for MM,/nForum/article/PieLove/2378664,2016-04-23
代善良单纯87年mm征友,/nForum/article/PieLove/2378632,2016-04-22
天津女，国企，寻找GG,/nForum/article/PieLove/2378631,2016-04-22
北京优秀帅气GG 征友，有房、父母均为政府单位工作,/nForum/article/PieLove/2378630,2016-04-22
代88年top2优质金融gg征90后女友,/nForum/article/PieLove/2378612,2016-04-22
代银行工作的闺蜜发贴征婚,/nForum/article/PieLove/2378586,2016-04-22
代人征友（女征男）,/nForum/article/PieLove/2378584,2016-04-22
代84年北京MM征GG,/nForum/article/PieLove/2378537,2016-04-22
代88年百度码男诚征MM,/nForum/article/PieLove/2378507,2016-04-22
87GG附照征友,/nForum/article/PieLove/2378496,2016-04-21
re,/nForum/article/PieLove/2378242,2016-04-20
Top2阳光理工男征个80后女孩结婚,/nForum/article/PieLove/2378189,2016-04-20
del,/nForum/article/PieLove/2378177,2016-04-20
真诚寻男友,/nForum/article/PieLove/2378104,2016-04-19
帮亲妹妹征个长沙优秀GG,/nForum/article/PieLove/2378098,2016-04-19
84年MM以结婚为目的征GG,/nForum/article/PieLove/2378093,2016-04-19
79未婚女征一男结婚,/nForum/article/PieLove/2378051,2016-04-19
TOP2GG征MM，希望能够遇见暖暖的你：）,/nForum/article/PieLove/2378033,2016-04-19
春暖花开，努力征个婚吧（MMforGG）,/nForum/article/PieLove/2377759,2016-04-18
代89年亲妹征婚，江苏靠谱青年看过来，高帅富请绕行！,/nForum/article/PieLove/2377592,2016-04-18
替热情善良的87年男同事征友,/nForum/article/PieLove/2377522,2016-04-18
大龄MM真诚征婚,/nForum/article/PieLove/2377381,2016-04-17
北京男孩征友,/nForum/article/PieLove/2377354,2016-04-17
[代]胖MM征哥哥,/nForum/article/PieLove/2377267,2016-04-17
代【相信爱情的gg征仍然相信爱情的mm】,/nForum/article/PieLove/2377156,2016-04-17
1,/nForum/article/PieLove/2376935,2016-04-16
缘分起点的开始——帮高大帅气的弟弟征友，有缘MM赶紧看过来,/nForum/article/PieLove/2376869,2016-04-16
【女征男】代同学征婚，有兴趣发邮件，勿站内,/nForum/article/PieLove/2376843,2016-04-16
诚征善良靠谱女生，希望能走进婚姻,/nForum/article/PieLove/2376805,2016-04-16
.,/nForum/article/PieLove/2376779,2016-04-16
82京户有房有车靠谱男征婚,/nForum/article/PieLove/2376776,2016-04-16
85男公务员离异无孩本地郊区人征MM,/nForum/article/PieLove/2376646,2016-04-15
坐标河南郑州，事业单位，86女硕士，诚征男友,/nForum/article/PieLove/2376514,2016-04-15
京籍海归女征婚,/nForum/article/PieLove/2376331,2016-04-14
92GG寻另一半,/nForum/article/PieLove/2376301,2016-04-14
79年央企财务未婚女征婚,/nForum/article/PieLove/2376300,2016-04-14
高楼不胜寒，pie贴需谨慎：浣溪沙,/nForum/article/PieLove/2376287,2016-04-14
在鹊桥征婚是种什么样的体验（广州88gg pie mm）,/nForum/article/PieLove/2376263,2016-04-14
优秀85mm真诚诤友,/nForum/article/PieLove/2376211,2016-04-14
替哥哥征婚,/nForum/article/PieLove/2376172,2016-04-14
征个男朋友。,/nForum/article/PieLove/2375472,2016-04-13
十里春风不如你，top2高校理科男诚征女友,/nForum/article/PieLove/2375323,2016-04-12
88年MM诚征男友,/nForum/article/PieLove/2375147,2016-04-12
代发：80年 金融女硕 诚意征婚,/nForum/article/PieLove/2374969,2016-04-11
[原创]83年剩女，希望找个GG共同分享人生酸甜苦辣,/nForum/article/PieLove/2374922,2016-04-11
代温柔体贴MM征友,/nForum/article/PieLove/2374841,2016-04-11
代90年侄女征靠谱男,/nForum/article/PieLove/2374806,2016-04-11
代89年可爱女人寻找志趣相投的你,/nForum/article/PieLove/2374720,2016-04-10
88年北京mm诚征男友,/nForum/article/PieLove/2374601,2016-04-10
80年男士征婚（如果图片现实不全，请点击图片可以现实全部）,/nForum/article/PieLove/2374569,2016-04-10
[建议],/nForum/article/PieLove/2374393,2016-04-09
诚征阳光暖男,/nForum/article/PieLove/2374325,2016-04-08
代女同学征婚,/nForum/article/PieLove/2374312,2016-04-08
代,/nForum/article/PieLove/2374310,2016-04-08
替同事82年MM征婚,/nForum/article/PieLove/2374278,2016-04-08
没有套路，只有真情--82大龄寻常女觅寻常姻缘,/nForum/article/PieLove/2374266,2016-04-08
代踏实靠谱的83年东北姑娘征另一半,/nForum/article/PieLove/2374251,2016-04-08
...,/nForum/article/PieLove/2374189,2016-04-07
【】【】【】教师MM征靠谱GG（附照）,/nForum/article/PieLove/2374188,2016-04-07
1,/nForum/article/PieLove/2374181,2016-04-07
89年南京MM寻找有缘人,/nForum/article/PieLove/2374131,2016-04-07
87年男狄青征，欢迎来拍！,/nForum/article/PieLove/2373947,2016-04-06
MM诚征男友,/nForum/article/PieLove/2373923,2016-04-06
88安定靠谱mm征gg,/nForum/article/PieLove/2373772,2016-04-05
替89年的同事征男友，有王道！！！！,/nForum/article/PieLove/2373686,2016-04-05
征合适的gg,/nForum/article/PieLove/2373168,2016-04-03
诚征善良女孩结婚,/nForum/article/PieLove/2373116,2016-04-03
征个温柔体贴的女朋友,/nForum/article/PieLove/2372904,2016-04-03
q,/nForum/article/PieLove/2372855,2016-04-03
征男友，走向婚姻,/nForum/article/PieLove/2372771,2016-04-02
"人间四月芳菲尽,你是我的桃花吗？（优质男征年轻的MM）",/nForum/article/PieLove/2372726,2016-04-01
90年事业单位女诚意征男,/nForum/article/PieLove/2372645,2016-04-01
删贴,/nForum/article/PieLove/2372624,2016-04-01
春暖花开，银行工作87GG征友,/nForum/article/PieLove/2372612,2016-04-01
86年京户有房有车GG诚征MM,/nForum/article/PieLove/2372604,2016-04-01
替靠谱女同事挣男朋友（央企、名校研究生等等，真的很靠谱）,/nForum/article/PieLove/2372534,2016-04-01
89妹纸征男友,/nForum/article/PieLove/2372479,2016-03-31
代征女友,/nForum/article/PieLove/2372472,2016-03-31
最后还是寄希望于这里，征gg,/nForum/article/PieLove/2372388,2016-03-30
替妹妹征男友,/nForum/article/PieLove/2372380,2016-03-30
高级ios开发工程师征女友,/nForum/article/PieLove/2372333,2016-03-30
[原创]山东女孩真诚征友（附照片）,/nForum/article/PieLove/2372326,2016-03-30
1985年，30岁，征北京女友,/nForum/article/PieLove/2372278,2016-03-30
事业单位gg真诚征婚,/nForum/article/PieLove/2372154,2016-03-29
--,/nForum/article/PieLove/2372060,2016-03-29
89MM诚征GG（有真相）,/nForum/article/PieLove/2371998,2016-03-28
代可爱的91年同事MM征男友,/nForum/article/PieLove/2371913,2016-03-28
浮生若梦，漂亮温柔的mm征gg,/nForum/article/PieLove/2371903,2016-03-28
123456,/nForum/article/PieLove/2371831,2016-03-28
[原创]和你牵手的必须是女神么？,/nForum/article/PieLove/2371567,2016-03-27
征靠谱GG,/nForum/article/PieLove/2371498,2016-03-27
替82老乡征结婚对象,/nForum/article/PieLove/2371471,2016-03-27
84年高个央企浙江mm诚征靠谱gg,/nForum/article/PieLove/2371431,2016-03-27
靠京户央企工作有房的山东GG征友,/nForum/article/PieLove/2371383,2016-03-27
删除,/nForum/article/PieLove/2371375,2016-03-27
86贤惠顾家mm征友,/nForum/article/PieLove/2371163,2016-03-26
取名叫珍惜-中年寻靠谱男,/nForum/article/PieLove/2371081,2016-03-26
85MM求撕掉单身?标签（带一送一了）,/nForum/article/PieLove/2371046,2016-03-26
已删,/nForum/article/PieLove/2371011,2016-03-25
真诚征GG,/nForum/article/PieLove/2371008,2016-03-25
帮认识的老乡征婚，大龄女征大龄男,/nForum/article/PieLove/2370982,2016-03-25
"代友征有缘人,86年168的盘正条顺颜美的山东mm",/nForum/article/PieLove/2370944,2016-03-25
春日好时光，替表姐征个gg,/nForum/article/PieLove/2370934,2016-03-25
代85优秀同事征MM,/nForum/article/PieLove/2370836,2016-03-25
80年高个MM诚征GG（附照）,/nForum/article/PieLove/2370649,2016-03-24
海归女征婚,/nForum/article/PieLove/2370533,2016-03-24
86年gg征mm,/nForum/article/PieLove/2370532,2016-03-24
今我来思，杨柳依依,/nForum/article/PieLove/2370218,2016-03-23
帮91年的亲妹妹征靠谱的未来老公,/nForum/article/PieLove/2370163,2016-03-23
[心得],/nForum/article/PieLove/2370098,2016-03-22
给我的好闺蜜征男友，87MM（附报喜贴）,/nForum/article/PieLove/2370094,2016-03-22
83年善良女士诚征另一半,/nForum/article/PieLove/2370056,2016-03-22
测试,/nForum/article/PieLove/2370044,2016-03-22
留学回国创业GG诚意征MM,/nForum/article/PieLove/2369885,2016-03-21
大龄离异男征婚,/nForum/article/PieLove/2369873,2016-03-21
86小伙诚意征友,/nForum/article/PieLove/2369845,2016-03-21
代北京高校教师征男友,/nForum/article/PieLove/2369834,2016-03-21
代大龄博士男征（车房、学历、户口、工作、人品、情怀都不缺）,/nForum/article/PieLove/2369780,2016-03-21
代好友征老公81年东北女孩,/nForum/article/PieLove/2369764,2016-03-21
替深圳的私募基金经理征一个MM,/nForum/article/PieLove/2369750,2016-03-21
行到水穷处坐看云起时，征mm,/nForum/article/PieLove/2369698,2016-03-20
大龄女征男,/nForum/article/PieLove/2369697,2016-03-20
遇见—征个善良靠谱的女生（83GG征友）,/nForum/article/PieLove/2369694,2016-03-20
....................,/nForum/article/PieLove/2369616,2016-03-20
大龄姑娘也会有春天【80年末大龄MM征大龄GG】,/nForum/article/PieLove/2369611,2016-03-20
代征：89MM诚征另一半（坐标美国湾区）,/nForum/article/PieLove/2369603,2016-03-20
阳光随和的85年GG认真征婚,/nForum/article/PieLove/2369578,2016-03-20
30岁清华毕业GG想约你踏春赏花,/nForum/article/PieLove/2369568,2016-03-20
征友,/nForum/article/PieLove/2369533,2016-03-19
[原创]代师妹征男友“世界那么大，总有一个你；世界那么小，总,/nForum/article/PieLove/2369532,2016-03-19
代thu师弟征90后人生路上的伴侣,/nForum/article/PieLove/2369467,2016-03-19
删,/nForum/article/PieLove/2369464,2016-03-19
优秀85mm征婚,/nForum/article/PieLove/2369458,2016-03-19
代同事征个靠谱MM,/nForum/article/PieLove/2369422,2016-03-19
春光易虚度何不早相逢for成熟男士,/nForum/article/PieLove/2369376,2016-03-19
征男友,/nForum/article/PieLove/2369358,2016-03-18
[原创]大小伙子征小姑娘,/nForum/article/PieLove/2369352,2016-03-18
长沙84年大学女教师征GG,/nForum/article/PieLove/2369327,2016-03-18
征gg,/nForum/article/PieLove/2369315,2016-03-18
89年央企帅气小伙征友！,/nForum/article/PieLove/2369314,2016-03-18
高校讲师83GG征MM,/nForum/article/PieLove/2369312,2016-03-18
mm征GG,/nForum/article/PieLove/2367541,2016-03-07
第二次发帖替师姐寻找结婚对象,/nForum/article/PieLove/2369155,2016-03-17
it男征mm,/nForum/article/PieLove/2369101,2016-03-17
87mm征携手一生的人！,/nForum/article/PieLove/2368994,2016-03-16
已征到 谢谢,/nForum/article/PieLove/2368914,2016-03-16
90年MM征GG,/nForum/article/PieLove/2368883,2016-03-15
代83年靠谱女同学征男友，非诚勿扰,/nForum/article/PieLove/2368834,2016-03-15
--,/nForum/article/PieLove/2368815,2016-03-15
代一83年的好姑娘征GG （ 非诚勿扰）,/nForum/article/PieLove/2368778,2016-03-14
替86年北京事业单位mm征友~,/nForum/article/PieLove/2368777,2016-03-14
代mm征婚（附照）,/nForum/article/PieLove/2368763,2016-03-14
代一成都mm征婚（请一定要诚意，非诚勿扰，）附照,/nForum/article/PieLove/2368724,2016-03-14
真诚代活泼开朗的闺蜜征友（附照）,/nForum/article/PieLove/2368709,2016-03-14
说一说最近网络相亲的状况。,/nForum/article/PieLove/2368603,2016-03-13
86年山东GG征结婚对象,/nForum/article/PieLove/2368536,2016-03-13
大龄MM征GG,/nForum/article/PieLove/2368496,2016-03-13
[原创]靠谱女征男友,/nForum/article/PieLove/2368480,2016-03-13
【代】诚征合适gg,/nForum/article/PieLove/2368418,2016-03-13
代一位大龄女征婚,/nForum/article/PieLove/2368343,2016-03-12
推荐个好MM，借水木宝地找有缘人,/nForum/article/PieLove/2368320,2016-03-12
代女闺蜜征老公（时时之恋）,/nForum/article/PieLove/2368243,2016-03-11
代友征GG,/nForum/article/PieLove/2368236,2016-03-11
81金融mm寻找另一半,/nForum/article/PieLove/2368169,2016-03-11
85年硕士GG诚征MM结婚,/nForum/article/PieLove/2368109,2016-03-10
大龄女真诚征婚，携手2016,/nForum/article/PieLove/2368073,2016-03-10
优秀85mm征婚,/nForum/article/PieLove/2368030,2016-03-10
86mm征携手一生的gg,/nForum/article/PieLove/2367987,2016-03-09
【征GG】85女征婚,/nForum/article/PieLove/2367873,2016-03-09
正直帅气男孩征女友,/nForum/article/PieLove/2367813,2016-03-08
83未婚MM征婚（坐标深圳）,/nForum/article/PieLove/2367787,2016-03-08
86mm征携手一生的gg,/nForum/article/PieLove/2367785,2016-03-08
35岁的金融男凤求凰！,/nForum/article/PieLove/2367765,2016-03-08
代83年靠谱稳重gg诚征女友（请勿站内）,/nForum/article/PieLove/2367675,2016-03-08
81年离异MM寻觅共度此生的有缘人,/nForum/article/PieLove/2367620,2016-03-07
央企名校硕男诚征情投意合&真爱伴侣！,/nForum/article/PieLove/2367575,2016-03-07
征GG,/nForum/article/PieLove/2367566,2016-03-07
86年程序员GG诚征MM，地点北京（附照）,/nForum/article/PieLove/2366689,2016-03-06
代友发帖，诚征男友,/nForum/article/PieLove/2366686,2016-03-06
85年mm征gg,/nForum/article/PieLove/2366625,2016-03-06
85年北京GG征友,/nForum/article/PieLove/2366578,2016-03-06
寻找你，呵护你（征mm）,/nForum/article/PieLove/2366550,2016-03-06
替80年美女同事诚征另一半,/nForum/article/PieLove/2366540,2016-03-06
感谢水木,/nForum/article/PieLove/2366528,2016-03-06
82年底it 技术男征认真征婚@北京,/nForum/article/PieLove/2366503,2016-03-06
[诚意征婚]亲爱的抱歉让你等了这么久，我们回家吧（for gg）,/nForum/article/PieLove/2366482,2016-03-06
88年天蝎男征女友,/nForum/article/PieLove/2366460,2016-03-05
81年GG真诚征婚,/nForum/article/PieLove/2366402,2016-03-05
优秀女孩征大龄哥哥,/nForum/article/PieLove/2366349,2016-03-05
代友征MM,/nForum/article/PieLove/2366328,2016-03-05
有深圳的女孩子吗,/nForum/article/PieLove/2366320,2016-03-05
替87靠谱MM找GG，真诚以结婚为打算找到生命中的另一半！,/nForum/article/PieLove/2366267,2016-03-04
代优秀85年金融GG征靠谱MM,/nForum/article/PieLove/2366207,2016-03-04
[原创]89浙大山东高挑女生征友,/nForum/article/PieLove/2366193,2016-03-04
80年未婚女征婚,/nForum/article/PieLove/2366123,2016-03-03
[GG寻MM] 遇见缘分,/nForum/article/PieLove/2366116,2016-03-03
在读博士GG真诚征女友，以结婚为目的,/nForum/article/PieLove/2366057,2016-03-03
MM严肃征婚,/nForum/article/PieLove/2365993,2016-03-03
长沙MM征结婚男友,/nForum/article/PieLove/2365898,2016-03-03
靠谱金融行业大叔诚意征女友,/nForum/article/PieLove/2365622,2016-03-02
代女同学征婚,/nForum/article/PieLove/2365588,2016-03-02
征婚,/nForum/article/PieLove/2365472,2016-03-02
姑娘征男友,/nForum/article/PieLove/2365365,2016-03-02
宁波工作上进男生诚征女友,/nForum/article/PieLove/2365295,2016-03-02
88年，男，征另一半,/nForum/article/PieLove/2365201,2016-03-01
普通86MM征普通男朋友,/nForum/article/PieLove/2365196,2016-03-01
看过来，单身mm真诚征友，代同事发,/nForum/article/PieLove/2365184,2016-03-01
替83年同事MM征婚,/nForum/article/PieLove/2365146,2016-03-01
互联网GG征MM,/nForum/article/PieLove/2364919,2016-03-01
春暖花开的日子里，81年MM期待遇到可以长久陪伴的你,/nForum/article/PieLove/2364889,2016-03-01
[成熟靠谱gg for mm]佳偶良缘今何在？只待君来,/nForum/article/PieLove/2364798,2016-02-29
83年李一男征婚,/nForum/article/PieLove/2364797,2016-02-29
替气质MM诚征GG结婚（有照片）,/nForum/article/PieLove/2364791,2016-02-29
愿得见卿，携手一生！诚征有缘的GG,/nForum/article/PieLove/2364781,2016-02-29
86年公务员MM真诚征男友,/nForum/article/PieLove/2364774,2016-02-29
贴心暖男征友啦！！！！,/nForum/article/PieLove/2364695,2016-02-29
85年清华GG征友（内有照片链接）,/nForum/article/PieLove/2364595,2016-02-29
诚征靠谱大龄gg,/nForum/article/PieLove/2364481,2016-02-28
83山东MM真诚征友,/nForum/article/PieLove/2364480,2016-02-28
一个很有能力的gg征婚,/nForum/article/PieLove/2364449,2016-02-27
代绩优股82年靠谱GG诚征女友,/nForum/article/PieLove/2364448,2016-02-27
谢谢——————,/nForum/article/PieLove/2364445,2016-02-27
代上海84IT男真诚征婚,/nForum/article/PieLove/2364444,2016-02-27
代89博士GG征友,/nForum/article/PieLove/2364425,2016-02-27
大龄离异女征婚,/nForum/article/PieLove/2364401,2016-02-27
大龄女认真征婚，信息详细,/nForum/article/PieLove/2364383,2016-02-27
新的一年努力为自己争取幸福（88MM for GG）,/nForum/article/PieLove/2364377,2016-02-27
90年教师MM真诚征婚（坐标 南阳）,/nForum/article/PieLove/2364372,2016-02-27
maybe X is fate.20160227北京姑娘寻他,/nForum/article/PieLove/2364360,2016-02-27
◆◆◆【董小姐征婚啦——“你才不是一个没有故事的女同学”】,/nForum/article/PieLove/2364323,2016-02-26
代82年大学同学诚征GG,/nForum/article/PieLove/2364280,2016-02-26
好男人2016-征女孩结婚-北京地区-区外勿扰（代发）,/nForum/article/PieLove/2364274,2016-02-26
89年男生真诚寻找缘分,/nForum/article/PieLove/2364230,2016-02-26
84  女 征友,/nForum/article/PieLove/2364197,2016-02-26
代86年哥们诚征女友（以结婚为目的）,/nForum/article/PieLove/2364187,2016-02-26
XX,/nForum/article/PieLove/2364071,2016-02-26
新的一年，新的开始，希望早日携手（MM for GG）,/nForum/article/PieLove/2364046,2016-02-26
美丽好姑娘开征-坐标北京,/nForum/article/PieLove/2364032,2016-02-26
代踏实靠谱的83年东北姑娘征另一半,/nForum/article/PieLove/2363975,2016-02-26
代妹妹征GG，京户公务员，人可爱漂亮（附照）,/nForum/article/PieLove/2363760,2016-02-25
【征男友】寻找爱的冒险,/nForum/article/PieLove/2363716,2016-02-25
（代征）代一美丽善良的山东姑娘征男友,/nForum/article/PieLove/2363701,2016-02-25
努力寻找贴心的他（mm for  gg）,/nForum/article/PieLove/2363672,2016-02-25
代外甥女征男友,/nForum/article/PieLove/2363521,2016-02-24
代79年同事征mm,/nForum/article/PieLove/2363489,2016-02-24
靠谱男征女友（代征）,/nForum/article/PieLove/2363354,2016-02-23
【附照】代娇小mm征gg,/nForum/article/PieLove/2363331,2016-02-23
高个GG征女友,/nForum/article/PieLove/2363327,2016-02-23
代MM征男朋友,/nForum/article/PieLove/2363322,2016-02-23
90年帅哥诚征MM（代友征，联系地址见内）,/nForum/article/PieLove/2363301,2016-02-23
又被问，有没有男盆友，我也寻找一下自己的缘分！,/nForum/article/PieLove/2363274,2016-02-23
北京阳光男生征女友啦，欢迎进来！！！,/nForum/article/PieLove/2363268,2016-02-23
代90后妹子征友（附照片）,/nForum/article/PieLove/2363260,2016-02-23
【代征】北京私立医院护士MM征婚,/nForum/article/PieLove/2363223,2016-02-23
88年重庆妹子征婚（代征 勿回站内）,/nForum/article/PieLove/2363221,2016-02-23
[原创]男性创业者征MM结婚,/nForum/article/PieLove/2363200,2016-02-22
万事俱备，只欠老板娘—高学历高收入大叔诚意征婚,/nForum/article/PieLove/2363179,2016-02-22
北京88gg征友,/nForum/article/PieLove/2363138,2016-02-22
83年MM征婚,/nForum/article/PieLove/2363114,2016-02-22
代友发帖（85年美好的姑娘征男友啦！）,/nForum/article/PieLove/2363055,2016-02-22
代朋友发的： 普通mm征普通男友,/nForum/article/PieLove/2363042,2016-02-22
done,/nForum/article/PieLove/2362983,2016-02-22
北京-好男人2016征女孩结婚,/nForum/article/PieLove/2362925,2016-02-21
see ya,/nForum/article/PieLove/2362924,2016-02-21
.....,/nForum/article/PieLove/2362886,2016-02-21
为82美女姐姐真诚征友，坐标香港,/nForum/article/PieLove/2362860,2016-02-21
79年GG征婚（for mm),/nForum/article/PieLove/2362856,2016-02-21
建议征婚的各位修改一下征婚帖子,/nForum/article/PieLove/2362810,2016-02-21
删,/nForum/article/PieLove/2362726,2016-02-20
87年GG真诚寻找结婚对象（坐标西安）,/nForum/article/PieLove/2362551,2016-02-20
★★70后理工男征80后女友★★,/nForum/article/PieLove/2362505,2016-02-20
IT男诚征女友,/nForum/article/PieLove/2362500,2016-02-20
删帖,/nForum/article/PieLove/2362362,2016-02-20
寻找老公ing,/nForum/article/PieLove/2362289,2016-02-19
86年生物学女博士诚招男友,/nForum/article/PieLove/2361837,2016-02-18
修炼爱情-靠谱女征GG踏实过日子~,/nForum/article/PieLove/2361705,2016-02-18
78离异男寻找有缘人,/nForum/article/PieLove/2361484,2016-02-17
征一位在天津的mm,/nForum/article/PieLove/2361396,2016-02-16
代thu师弟征90后人生路上的伴侣,/nForum/article/PieLove/2360881,2016-02-14
85年男诚征友结婚，人在郑州,/nForum/article/PieLove/2360826,2016-02-14
征老公啦,/nForum/article/PieLove/2360819,2016-02-14
80MM征友---请轻拍！,/nForum/article/PieLove/2360800,2016-02-14
＠＠＠一路到白头-清爽善良有趣GG征温良MM＠＠＠,/nForum/article/PieLove/2360780,2016-02-14
80离异mm真诚征婚，请轻拍，谢谢,/nForum/article/PieLove/2360728,2016-02-14
带代81年离异表姐征婚,/nForum/article/PieLove/2360722,2016-02-14
88年mm诚寻靠谱男,/nForum/article/PieLove/2360694,2016-02-13
88年mm诚征男友（照片见链接）,/nForum/article/PieLove/2360644,2016-02-13
☆寻找人生伴侣·但愿缘深情深☆,/nForum/article/PieLove/2360618,2016-02-12
希望你能看到（Pie for GG，广州）,/nForum/article/PieLove/2360616,2016-02-12
无,/nForum/article/PieLove/2360482,2016-02-12
空空空,/nForum/article/PieLove/2360393,2016-02-12
坐标：深圳或香港    FOR GG,/nForum/article/PieLove/2360362,2016-02-11
81GG真诚征婚(深圳),/nForum/article/PieLove/2360177,2016-02-10
国外女蒸男友结婚,/nForum/article/PieLove/2360041,2016-02-09
89mm征个有缘gg,/nForum/article/PieLove/2360012,2016-02-09
84MM诚征男友-宁波工作,/nForum/article/PieLove/2359988,2016-02-08
81年女征婚,/nForum/article/PieLove/2359872,2016-02-06
85北京白羊女诚征有缘男,/nForum/article/PieLove/2359856,2016-02-06
怀着耍流氓的心态征个男友,/nForum/article/PieLove/2359736,2016-02-05
[求助]寻找幸福，GGforMM,/nForum/article/PieLove/2359733,2016-02-05
89单身GG征友,/nForum/article/PieLove/2359134,2016-02-02
82年北京美女征友,/nForum/article/PieLove/2359094,2016-02-02
大龄MM新年征友,/nForum/article/PieLove/2359019,2016-02-01
1,/nForum/article/PieLove/2359018,2016-02-01
代优质GG征女友,/nForum/article/PieLove/2359009,2016-02-01
85年本地离异无孩男诚心征82，83年女生，为了生活充满阳光,/nForum/article/PieLove/2359006,2016-02-01
1,/nForum/article/PieLove/2358964,2016-02-01
代thu师弟征90后人生路上的伴侣,/nForum/article/PieLove/2358903,2016-01-31
征GG,/nForum/article/PieLove/2358874,2016-01-31
代thu师姐征个老公（再编辑一下吧）,/nForum/article/PieLove/2358825,2016-01-31
征女友,/nForum/article/PieLove/2358566,2016-01-30
78 保定 编辑 女 征婚,/nForum/article/PieLove/2358514,2016-01-29
87年山东MM诚意征婚,/nForum/article/PieLove/2358464,2016-01-29
88年律师mm征友 坐标北京 山东人,/nForum/article/PieLove/2358446,2016-01-29
...,/nForum/article/PieLove/2358300,2016-01-28
征婚启示(85GG征MM),/nForum/article/PieLove/2358231,2016-01-28
1,/nForum/article/PieLove/2358158,2016-01-28
代表弟发帖，征女友,/nForum/article/PieLove/2358112,2016-01-27
"【代征】房地产开发总经理,京户有房,觅靠谱女友创幸福",/nForum/article/PieLove/2358111,2016-01-27
替师姐寻找结婚的男子,/nForum/article/PieLove/2358080,2016-01-27
89年苏州妹子征男友,/nForum/article/PieLove/2358024,2016-01-26
武汉85GG真诚征女友，1~2年结婚,/nForum/article/PieLove/2357930,2016-01-25
遇见你,/nForum/article/PieLove/2357896,2016-01-25
～～79年大龄离异未育姐姐真诚征婚～～,/nForum/article/PieLove/2357865,2016-01-25
大龄未婚女征GG,/nForum/article/PieLove/2357762,2016-01-24
义乌84女孩寻找另外一半,/nForum/article/PieLove/2357714,2016-01-24
86年狮子座IT男寻一有缘女生（停征）,/nForum/article/PieLove/2357666,2016-01-24
84山东靠谱MM for GG,/nForum/article/PieLove/2357661,2016-01-24
待表妹征友,/nForum/article/PieLove/2357648,2016-01-24
啊啊,/nForum/article/PieLove/2357618,2016-01-23
代医院工作的两位优秀MM(83年和84年)诚征Mr Right,/nForum/article/PieLove/2357603,2016-01-23
普通85mm诚征一个永不放手的爱人,/nForum/article/PieLove/2357581,2016-01-23
北京人，女蒸男，2016希望遇有缘人~附照,/nForum/article/PieLove/2357548,2016-01-23
test,/nForum/article/PieLove/2357530,2016-01-23
征男友,/nForum/article/PieLove/2357510,2016-01-23
31岁mm征gg,/nForum/article/PieLove/2357449,2016-01-23
■替帅气的师兄征女女友，单身女孩看过来●,/nForum/article/PieLove/2357430,2016-01-23
岁月真实，有你就好——PKU硕士央企GG觅MM,/nForum/article/PieLove/2357400,2016-01-23
meeting for soulmate 湖南25岁169海拔的校花教师MM征 婚,/nForum/article/PieLove/2357317,2016-01-22
南方gg征友，有诚意,/nForum/article/PieLove/2357303,2016-01-22
代89年京西中学工作的MM征男友（征婚）,/nForum/article/PieLove/2357274,2016-01-22
【代发】27岁医学mm征真命天子,/nForum/article/PieLove/2357067,2016-01-22
~~~~,/nForum/article/PieLove/2356877,2016-01-21
"【【 代友征婚，86年MM征GG ,多图 】】",/nForum/article/PieLove/2356823,2016-01-21
88水瓶GGforMM,/nForum/article/PieLove/2356808,2016-01-21
代90优质妹子征友（附美图）,/nForum/article/PieLove/2356806,2016-01-21
真诚的替表妹征可以依赖的老公,/nForum/article/PieLove/2356749,2016-01-20
[原帖删除]代88年温柔单纯妹纸征靠谱另一半,/nForum/article/PieLove/2356705,2016-01-20
★★★【代发】91年踏实靠谱男 愿觅一终身伴侣★★★,/nForum/article/PieLove/2356660,2016-01-20
替top2师弟征友 for mm,/nForum/article/PieLove/2356622,2016-01-20
11111111111111111111111111,/nForum/article/PieLove/2356580,2016-01-19
挣个女孩带回家,/nForum/article/PieLove/2356558,2016-01-19
标题长才会有人看，另一半你不可以不看(84姐姐for比姐姐大的GG),/nForum/article/PieLove/2356515,2016-01-19
[原创]  脱单 脱单 脱单,/nForum/article/PieLove/2356437,2016-01-19
又一年，还在等，坐标深圳征MM,/nForum/article/PieLove/2356259,2016-01-19
近一两年要结婚的GG请进,/nForum/article/PieLove/2356229,2016-01-19
test,/nForum/article/PieLove/2356138,2016-01-18
85年硕士男征MM-京户有房有车,/nForum/article/PieLove/2355880,2016-01-18
替我一位82年温柔的同乡姐姐征男友,/nForum/article/PieLove/2355583,2016-01-17
【清华 女征男 83年 北京】,/nForum/article/PieLove/2355575,2016-01-17
91 女 征个踏实阳光积极的男朋友~,/nForum/article/PieLove/2355560,2016-01-17
85年山东籍公务员gg真诚征MM 结婚,/nForum/article/PieLove/2355398,2016-01-16
代友发文：84简单MM征男友—愿与你一起，迎接简单幸福生活,/nForum/article/PieLove/2355356,2016-01-15
****** 代优秀美女同事征婚（真诚附照）******,/nForum/article/PieLove/2355327,2016-01-15
代87年老弟征友（武汉）,/nForum/article/PieLove/2355166,2016-01-15
--,/nForum/article/PieLove/2355008,2016-01-14
冬日暖阳～京城遇见  88京户GG for MM,/nForum/article/PieLove/2354992,2016-01-14
GG  征MM【征婚】,/nForum/article/PieLove/2354957,2016-01-14
代80后mm发文征男友,/nForum/article/PieLove/2354810,2016-01-13
★★★★★代漂亮MM征老公★★★★★,/nForum/article/PieLove/2354796,2016-01-13
Re: 83年的老头感悟，不过求个老来相伴,/nForum/article/PieLove/2354560,2016-01-12
代87年mm征友,/nForum/article/PieLove/2354547,2016-01-11
【代征】84 IT男诚征女友,/nForum/article/PieLove/2354442,2016-01-11
85优质mm低调征男友 希望碰见一拍即合的那只 从此过上幸福生活,/nForum/article/PieLove/2354343,2016-01-10
84年GG诚征善良MM，携手共度一生,/nForum/article/PieLove/2354052,2016-01-10
代学妹征友,/nForum/article/PieLove/2353920,2016-01-09
86理工科gg征mm,/nForum/article/PieLove/2353862,2016-01-09
代北京同事征个媳妇,/nForum/article/PieLove/2353839,2016-01-09
觅良缘，守此生（for 82-90 girl）,/nForum/article/PieLove/2353732,2016-01-08
【天津】83年天津靠谱GG真诚征MM,/nForum/article/PieLove/2353731,2016-01-08
挣男友，期待缘分,/nForum/article/PieLove/2353725,2016-01-08
很紧张，低调征一个GG,/nForum/article/PieLove/2353689,2016-01-08
代87年温柔体贴靠谱女征友,/nForum/article/PieLove/2353460,2016-01-07
新年征靠谱哥哥,/nForum/article/PieLove/2353432,2016-01-07
尝试一下  证MM,/nForum/article/PieLove/2353422,2016-01-07
靠谱IT男诚征女友,/nForum/article/PieLove/2353245,2016-01-06
新的一年，遇到你是最大的幸福！（86小伙征女友）,/nForum/article/PieLove/2353077,2016-01-05
90mm诚意挂牌——有图就够了,/nForum/article/PieLove/2353018,2016-01-05
珠海gg在京发展诚征女友一枚,/nForum/article/PieLove/2352922,2016-01-04
新的一年，遇到你是最大的幸福！（86小伙征女友）,/nForum/article/PieLove/2352870,2016-01-04
帮81年善良mm征男友，原来你在也在这里(补充完善+近照)~,/nForum/article/PieLove/2352843,2016-01-04
代发帖：高个子帅哥征温柔好身材妹子,/nForum/article/PieLove/2352802,2016-01-04
请删帖谢谢,/nForum/article/PieLove/2352610,2016-01-04
代80年女性朋友征友,/nForum/article/PieLove/2352497,2016-01-03
Deleted,/nForum/article/PieLove/2352495,2016-01-03
代一88年高个儿美女征友坐标北京,/nForum/article/PieLove/2352485,2016-01-03
代一88gg征女友,/nForum/article/PieLove/2352450,2016-01-03
aaa,/nForum/article/PieLove/2352443,2016-01-03
寻找一份中年人的感情，大龄女士征婚，附照,/nForum/article/PieLove/2352436,2016-01-03
[公告] wen123系列ID加入不受欢迎名单,/nForum/article/PieLove/2352429,2016-01-03
★★删帖,/nForum/article/PieLove/2352394,2016-01-03
新年征男友,/nForum/article/PieLove/2352389,2016-01-03
北京诚征女友,/nForum/article/PieLove/2352371,2016-01-03
漂亮知性大方83年mm征婚,/nForum/article/PieLove/2352275,2016-01-02
趁最近各种节日打包促销一大龄妹子,/nForum/article/PieLove/2352136,2016-01-02
新的一年开始了，信任水木，相信认真，央企GG诚征另一半,/nForum/article/PieLove/2352031,2016-01-01
等待一场遇见,/nForum/article/PieLove/2352029,2016-01-01
新年·许一个愿望，寻一份长久（86MM征GG）,/nForum/article/PieLove/2351963,2016-01-01
-,/nForum/article/PieLove/2351743,2016-01-01
